,name,hierarchy,countries,iso3
0,Argentina,G20 members,,
1,Australia,G20 members,,
2,Brazil,G20 members,,
3,Canada,G20 members,,
4,China,G20 members,,
5,France,G20 members,,
6,Germany,G20 members,,
7,India,G20 members,,
8,Indonesia,G20 members,,
9,Italy,G20 members,,
10,Japan,G20 members,,
11,Mexico,G20 members,,
12,Russian Federation,G20 members,,
13,Saudi Arabia,G20 members,,
14,South Africa,G20 members,,
15,South Korea,G20 members,,
16,Turkey,G20 members,,
17,United Kingdom,G20 members,,
18,United States,G20 members,,
19,African Union,G20 members,,
20,European Union,G20 members,,
21,European Union and United Kingdom,G20 members,,
22,World,common,,
23,International,common,,
24,OECD & EU (R5),R5,"['Albania', 'Australia', 'Austria', 'Belgium', 'Bosnia and Herzegovina', 'Bulgaria', 'Canada', 'Croatia', 'Cyprus', 'Czechia', 'Denmark', 'Estonia', 'Finland', 'France', 'Germany', 'Greece', 'Guam', 'Hungary', 'Iceland', 'Ireland', 'Italy', 'Japan', 'Kosovo', 'Latvia', 'Lithuania', 'Luxembourg', 'Malta', 'Montenegro', 'Netherlands', 'New Zealand', 'North Macedonia', 'Norway', 'Poland', 'Portugal', 'Puerto Rico', 'Romania', 'Serbia', 'Slovakia', 'Slovenia', 'Spain', 'Sweden', 'Switzerland', 'Turkey', 'United Kingdom', 'United States']","['ALB', 'AUS', 'AUT', 'BEL', 'BIH', 'BGR', 'CAN', 'HRV', 'CYP', 'CZE', 'DNK', 'EST', 'FIN', 'FRA', 'DEU', 'GRC', 'GUM', 'HUN', 'ISL', 'IRL', 'ITA', 'JPN', 'KOS', 'LVA', 'LTU', 'LUX', 'MLT', 'MNE', 'NLD', 'NZL', 'MKD', 'NOR', 'POL', 'PRT', 'PRI', 'ROU', 'SRB', 'SVK', 'SVN', 'ESP', 'SWE', 'CHE', 'TUR', 'GBR', 'USA']"
25,Reforming Economies (R5),R5,"['Armenia', 'Azerbaijan', 'Belarus', 'Georgia', 'Kazakhstan', 'Kyrgyzstan', 'Moldova', 'Russian Federation', 'Tajikistan', 'Turkmenistan', 'Ukraine', 'Uzbekistan']","['ARM', 'AZE', 'BLR', 'GEO', 'KAZ', 'KGZ', 'MDA', 'RUS', 'TJK', 'TKM', 'UKR', 'UZB']"
26,Asia (R5),R5,"['Afghanistan', 'Bangladesh', 'Bhutan', 'Brunei Darussalam', 'Cambodia', 'China', 'Cook Islands', 'Fiji', 'French Polynesia', 'Hong Kong', 'India', 'Indonesia', 'Kiribati', 'Laos', 'Macao', 'Malaysia', 'Maldives', 'Marshall Islands', 'Micronesia', 'Mongolia', 'Myanmar', 'Nauru', 'Nepal', 'Niue', 'New Caledonia', 'North Korea', 'Pakistan', 'Papua New Guinea', 'Palau', 'Philippines', 'South Korea', 'Samoa', 'Singapore', 'Solomon Islands', 'Sri Lanka', 'Taiwan', 'Thailand', 'Timor-Leste', 'Tonga', 'Tuvalu', 'Vanuatu', 'Viet Nam']","['AFG', 'BGD', 'BTN', 'BRN', 'KHM', 'CHN', 'COK', 'FJI', 'PYF', 'HKG', 'IND', 'IDN', 'KIR', 'LAO', 'MAC', 'MYS', 'MDV', 'MHL', 'FSM', 'MNG', 'MMR', 'NRU', 'NPL', 'NIU', 'NCL', 'PRK', 'PAK', 'PNG', 'PLW', 'PHL', 'KOR', 'WSM', 'SGP', 'SLB', 'LKA', 'TWN', 'THA', 'TLS', 'TON', 'TUV', 'VUT', 'VNM']"
27,Middle East & Africa (R5),R5,"['Algeria', 'Angola', 'Bahrain', 'Benin', 'Botswana', 'Burkina Faso', 'Burundi', 'Cameroon', 'Cabo Verde', 'Central African Republic', 'Chad', 'Comoros', 'Congo', ""Côte d'Ivoire"", 'Democratic Republic of the Congo', 'Djibouti', 'Egypt', 'Equatorial Guinea', 'Eritrea', 'Ethiopia', 'Gabon', 'Gambia', 'Ghana', 'Guinea', 'Guinea-Bissau', 'Iran', 'Iraq', 'Israel', 'Jordan', 'Kenya', 'Kuwait', 'Lebanon', 'Lesotho', 'Liberia', 'Libya', 'Madagascar', 'Malawi', 'Mali', 'Mauritania', 'Mauritius', 'Mayotte', 'Morocco', 'Mozambique', 'Namibia', 'Niger', 'Nigeria', 'Palestine', 'Oman', 'Qatar', 'Rwanda', 'Réunion', 'Sao Tome and Principe', 'Saudi Arabia', 'Senegal', 'Seychelles', 'Sierra Leone', 'Somalia', 'South Africa', 'South Sudan', 'Sudan', 'Eswatini', 'Syria', 'Togo', 'Tunisia', 'Uganda', 'United Arab Emirates', 'Tanzania', 'Western Sahara', 'Yemen', 'Zambia', 'Zimbabwe']","['DZA', 'AGO', 'BHR', 'BEN', 'BWA', 'BFA', 'BDI', 'CMR', 'CPV', 'CAF', 'TCD', 'COM', 'COG', 'CIV', 'COD', 'DJI', 'EGY', 'GNQ', 'ERI', 'ETH', 'GAB', 'GMB', 'GHA', 'GIN', 'GNB', 'IRN', 'IRQ', 'ISR', 'JOR', 'KEN', 'KWT', 'LBN', 'LSO', 'LBR', 'LBY', 'MDG', 'MWI', 'MLI', 'MRT', 'MUS', 'MYT', 'MAR', 'MOZ', 'NAM', 'NER', 'NGA', 'PSE', 'OMN', 'QAT', 'RWA', 'REU', 'STP', 'SAU', 'SEN', 'SYC', 'SLE', 'SOM', 'ZAF', 'SSD', 'SDN', 'SWZ', 'SYR', 'TGO', 'TUN', 'UGA', 'ARE', 'TZA', 'ESH', 'YEM', 'ZMB', 'ZWE']"
28,Latin America (R5),R5,"['Antigua and Barbuda', 'Argentina', 'Aruba', 'Bahamas', 'Barbados', 'Belize', 'Bolivia', 'Brazil', 'Chile', 'Colombia', 'Costa Rica', 'Cuba', 'Dominican Republic', 'Ecuador', 'El Salvador', 'French Guiana', 'Grenada', 'Guadeloupe', 'Guatemala', 'Guyana', 'Haiti', 'Honduras', 'Jamaica', 'Martinique', 'Mexico', 'Nicaragua', 'Panama', 'Paraguay', 'Peru', 'Saint Kitts and Nevis', 'Saint Lucia', 'Saint Vincent and the Grenadines', 'Suriname', 'Trinidad and Tobago', 'United States Virgin Islands', 'Uruguay', 'Venezuela']","['ATG', 'ARG', 'ABW', 'BHS', 'BRB', 'BLZ', 'BOL', 'BRA', 'CHL', 'COL', 'CRI', 'CUB', 'DOM', 'ECU', 'SLV', 'GUF', 'GRD', 'GLP', 'GTM', 'GUY', 'HTI', 'HND', 'JAM', 'MTQ', 'MEX', 'NIC', 'PAN', 'PRY', 'PER', 'KNA', 'LCA', 'VCT', 'SUR', 'TTO', 'VIR', 'URY', 'VEN']"
29,Other (R5),R5,,
30,European Union (R9),R9,"['Austria', 'Belgium', 'Bulgaria', 'Croatia', 'Cyprus', 'Czechia', 'Denmark', 'Estonia', 'Finland', 'France', 'Germany', 'Greece', 'Hungary', 'Ireland', 'Italy', 'Latvia', 'Lithuania', 'Luxembourg', 'Malta', 'Netherlands', 'Poland', 'Portugal', 'Romania', 'Slovakia', 'Slovenia', 'Spain', 'Sweden']","['AUT', 'BEL', 'BGR', 'HRV', 'CYP', 'CZE', 'DNK', 'EST', 'FIN', 'FRA', 'DEU', 'GRC', 'HUN', 'IRL', 'ITA', 'LVA', 'LTU', 'LUX', 'MLT', 'NLD', 'POL', 'PRT', 'ROU', 'SVK', 'SVN', 'ESP', 'SWE']"
31,USA (R9),R9,['United States'],['USA']
32,Other OECD (R9),R9,"['Albania', 'Australia', 'Bosnia and Herzegovina', 'Canada', 'Guam', 'Iceland', 'Japan', 'Kosovo', 'Montenegro', 'New Zealand', 'North Macedonia', 'Norway', 'Puerto Rico', 'Serbia', 'United Kingdom', 'Switzerland', 'Turkey']","['ALB', 'AUS', 'BIH', 'CAN', 'GUM', 'ISL', 'JPN', 'KOS', 'MNE', 'NZL', 'MKD', 'NOR', 'PRI', 'SRB', 'GBR', 'CHE', 'TUR']"
33,China (R9),R9,"['China', 'Hong Kong', 'Macao']","['CHN', 'HKG', 'MAC']"
34,India (R9),R9,['India'],['IND']
35,Other Asia (R9),R9,"['Afghanistan', 'Bangladesh', 'Bhutan', 'Brunei Darussalam', 'Cambodia', 'Cook Islands', 'Fiji', 'French Polynesia', 'Indonesia', 'Kiribati', 'Laos', 'Malaysia', 'Maldives', 'Marshall Islands', 'Micronesia', 'Mongolia', 'Myanmar', 'Nauru', 'Niue', 'Nepal', 'New Caledonia', 'North Korea', 'Pakistan', 'Palau', 'Papua New Guinea', 'Philippines', 'South Korea', 'Samoa', 'Singapore', 'Solomon Islands', 'Sri Lanka', 'Taiwan', 'Tuvalu', 'Thailand', 'Timor-Leste', 'Tonga', 'Vanuatu', 'Viet Nam']","['AFG', 'BGD', 'BTN', 'BRN', 'KHM', 'COK', 'FJI', 'PYF', 'IDN', 'KIR', 'LAO', 'MYS', 'MDV', 'MHL', 'FSM', 'MNG', 'MMR', 'NRU', 'NIU', 'NPL', 'NCL', 'PRK', 'PAK', 'PLW', 'PNG', 'PHL', 'KOR', 'WSM', 'SGP', 'SLB', 'LKA', 'TWN', 'TUV', 'THA', 'TLS', 'TON', 'VUT', 'VNM']"
36,Reforming Economies (R9),R9,"['Armenia', 'Azerbaijan', 'Belarus', 'Georgia', 'Kazakhstan', 'Kyrgyzstan', 'Moldova', 'Russian Federation', 'Tajikistan', 'Turkmenistan', 'Ukraine', 'Uzbekistan']","['ARM', 'AZE', 'BLR', 'GEO', 'KAZ', 'KGZ', 'MDA', 'RUS', 'TJK', 'TKM', 'UKR', 'UZB']"
37,Middle East & Africa (R9),R9,"['Algeria', 'Angola', 'Bahrain', 'Benin', 'Botswana', 'Burkina Faso', 'Burundi', 'Cameroon', 'Cabo Verde', 'Central African Republic', 'Chad', 'Comoros', 'Congo', ""Côte d'Ivoire"", 'Democratic Republic of the Congo', 'Djibouti', 'Egypt', 'Equatorial Guinea', 'Eritrea', 'Eswatini', 'Ethiopia', 'Gabon', 'Gambia', 'Ghana', 'Guinea', 'Guinea-Bissau', 'Iran', 'Iraq', 'Israel', 'Jordan', 'Kenya', 'Kuwait', 'Lebanon', 'Lesotho', 'Liberia', 'Libya', 'Madagascar', 'Malawi', 'Mali', 'Mauritania', 'Mauritius', 'Mayotte', 'Morocco', 'Mozambique', 'Namibia', 'Niger', 'Nigeria', 'Palestine', 'Oman', 'Qatar', 'Rwanda', 'Réunion', 'Sao Tome and Principe', 'Saudi Arabia', 'Senegal', 'Seychelles', 'Sierra Leone', 'Somalia', 'South Africa', 'South Sudan', 'Sudan', 'Syria', 'Togo', 'Tunisia', 'Uganda', 'United Arab Emirates', 'Tanzania', 'Western Sahara', 'Yemen', 'Zambia', 'Zimbabwe']","['DZA', 'AGO', 'BHR', 'BEN', 'BWA', 'BFA', 'BDI', 'CMR', 'CPV', 'CAF', 'TCD', 'COM', 'COG', 'CIV', 'COD', 'DJI', 'EGY', 'GNQ', 'ERI', 'SWZ', 'ETH', 'GAB', 'GMB', 'GHA', 'GIN', 'GNB', 'IRN', 'IRQ', 'ISR', 'JOR', 'KEN', 'KWT', 'LBN', 'LSO', 'LBR', 'LBY', 'MDG', 'MWI', 'MLI', 'MRT', 'MUS', 'MYT', 'MAR', 'MOZ', 'NAM', 'NER', 'NGA', 'PSE', 'OMN', 'QAT', 'RWA', 'REU', 'STP', 'SAU', 'SEN', 'SYC', 'SLE', 'SOM', 'ZAF', 'SSD', 'SDN', 'SYR', 'TGO', 'TUN', 'UGA', 'ARE', 'TZA', 'ESH', 'YEM', 'ZMB', 'ZWE']"
38,Latin America (R9),R9,"['Antigua and Barbuda', 'Argentina', 'Aruba', 'Bahamas', 'Barbados', 'Belize', 'Bolivia', 'Brazil', 'Chile', 'Colombia', 'Costa Rica', 'Cuba', 'Dominican Republic', 'Ecuador', 'El Salvador', 'French Guiana', 'Grenada', 'Guadeloupe', 'Guatemala', 'Guyana', 'Haiti', 'Honduras', 'Jamaica', 'Martinique', 'Mexico', 'Nicaragua', 'Panama', 'Paraguay', 'Peru', 'Saint Kitts and Nevis', 'Saint Lucia', 'Saint Vincent and the Grenadines', 'Suriname', 'Trinidad and Tobago', 'United States Virgin Islands', 'Uruguay', 'Venezuela']","['ATG', 'ARG', 'ABW', 'BHS', 'BRB', 'BLZ', 'BOL', 'BRA', 'CHL', 'COL', 'CRI', 'CUB', 'DOM', 'ECU', 'SLV', 'GUF', 'GRD', 'GLP', 'GTM', 'GUY', 'HTI', 'HND', 'JAM', 'MTQ', 'MEX', 'NIC', 'PAN', 'PRY', 'PER', 'KNA', 'LCA', 'VCT', 'SUR', 'TTO', 'VIR', 'URY', 'VEN']"
39,Other (R9),R9,,
40,Africa (R10),R10,"['Algeria', 'Angola', 'Benin', 'Botswana', 'Burkina Faso', 'Burundi', 'Cameroon', 'Cabo Verde', 'Central African Republic', 'Chad', 'Comoros', 'Congo', ""Côte d'Ivoire"", 'Democratic Republic of the Congo', 'Djibouti', 'Egypt', 'Equatorial Guinea', 'Eritrea', 'Ethiopia', 'Gabon', 'Gambia', 'Ghana', 'Guinea', 'Guinea-Bissau', 'Kenya', 'Lesotho', 'Liberia', 'Libya', 'Madagascar', 'Malawi', 'Mali', 'Mauritania', 'Mauritius', 'Mayotte', 'Morocco', 'Mozambique', 'Namibia', 'Niger', 'Nigeria', 'Rwanda', 'Réunion', 'Sao Tome and Principe', 'Senegal', 'Seychelles', 'Sierra Leone', 'Somalia', 'South Africa', 'South Sudan', 'Sudan', 'Eswatini', 'Togo', 'Tunisia', 'Uganda', 'Tanzania', 'Western Sahara', 'Zambia', 'Zimbabwe']","['DZA', 'AGO', 'BEN', 'BWA', 'BFA', 'BDI', 'CMR', 'CPV', 'CAF', 'TCD', 'COM', 'COG', 'CIV', 'COD', 'DJI', 'EGY', 'GNQ', 'ERI', 'ETH', 'GAB', 'GMB', 'GHA', 'GIN', 'GNB', 'KEN', 'LSO', 'LBR', 'LBY', 'MDG', 'MWI', 'MLI', 'MRT', 'MUS', 'MYT', 'MAR', 'MOZ', 'NAM', 'NER', 'NGA', 'RWA', 'REU', 'STP', 'SEN', 'SYC', 'SLE', 'SOM', 'ZAF', 'SSD', 'SDN', 'SWZ', 'TGO', 'TUN', 'UGA', 'TZA', 'ESH', 'ZMB', 'ZWE']"
41,China+ (R10),R10,"['China', 'Hong Kong', 'Macao', 'Mongolia', 'North Korea', 'South Korea']","['CHN', 'HKG', 'MAC', 'MNG', 'PRK', 'KOR']"
42,Europe (R10),R10,"['Albania', 'Austria', 'Belgium', 'Bosnia and Herzegovina', 'Bulgaria', 'Croatia', 'Cyprus', 'Czechia', 'Denmark', 'Estonia', 'France', 'Finland', 'Germany', 'Greece', 'Hungary', 'Iceland', 'Ireland', 'Italy', 'Kosovo', 'Latvia', 'Lithuania', 'Luxembourg', 'Malta', 'Montenegro', 'Netherlands', 'North Macedonia', 'Norway', 'Portugal', 'Switzerland', 'Poland', 'Romania', 'Serbia', 'Slovakia', 'Slovenia', 'Spain', 'Sweden', 'Turkey', 'United Kingdom']","['ALB', 'AUT', 'BEL', 'BIH', 'BGR', 'HRV', 'CYP', 'CZE', 'DNK', 'EST', 'FRA', 'FIN', 'DEU', 'GRC', 'HUN', 'ISL', 'IRL', 'ITA', 'KOS', 'LVA', 'LTU', 'LUX', 'MLT', 'MNE', 'NLD', 'MKD', 'NOR', 'PRT', 'CHE', 'POL', 'ROU', 'SRB', 'SVK', 'SVN', 'ESP', 'SWE', 'TUR', 'GBR']"
43,India+ (R10),R10,"['India', 'Afghanistan', 'Bangladesh', 'Bhutan', 'Maldives', 'Nepal', 'Pakistan', 'Sri Lanka']","['IND', 'AFG', 'BGD', 'BTN', 'MDV', 'NPL', 'PAK', 'LKA']"
44,Latin America (R10),R10,"['Antigua and Barbuda', 'Argentina', 'Aruba', 'Bahamas', 'Barbados', 'Belize', 'Bolivia', 'Brazil', 'Chile', 'Colombia', 'Costa Rica', 'Cuba', 'Dominican Republic', 'Ecuador', 'El Salvador', 'French Guiana', 'Grenada', 'Guadeloupe', 'Guatemala', 'Guyana', 'Haiti', 'Honduras', 'Jamaica', 'Martinique', 'Mexico', 'Nicaragua', 'Panama', 'Paraguay', 'Peru', 'Puerto Rico', 'Saint Kitts and Nevis', 'Saint Lucia', 'Saint Vincent and the Grenadines', 'Suriname', 'Trinidad and Tobago', 'United States Virgin Islands', 'Uruguay', 'Venezuela']","['ATG', 'ARG', 'ABW', 'BHS', 'BRB', 'BLZ', 'BOL', 'BRA', 'CHL', 'COL', 'CRI', 'CUB', 'DOM', 'ECU', 'SLV', 'GUF', 'GRD', 'GLP', 'GTM', 'GUY', 'HTI', 'HND', 'JAM', 'MTQ', 'MEX', 'NIC', 'PAN', 'PRY', 'PER', 'PRI', 'KNA', 'LCA', 'VCT', 'SUR', 'TTO', 'VIR', 'URY', 'VEN']"
45,Middle East (R10),R10,"['Bahrain', 'Iraq', 'Iran', 'Israel', 'Jordan', 'Kuwait', 'Lebanon', 'Oman', 'Palestine', 'Qatar', 'Saudi Arabia', 'Syria', 'United Arab Emirates', 'Yemen']","['BHR', 'IRQ', 'IRN', 'ISR', 'JOR', 'KWT', 'LBN', 'OMN', 'PSE', 'QAT', 'SAU', 'SYR', 'ARE', 'YEM']"
46,North America (R10),R10,"['Canada', 'Guam', 'United States']","['CAN', 'GUM', 'USA']"
47,Pacific OECD (R10),R10,"['Australia', 'Japan', 'New Zealand']","['AUS', 'JPN', 'NZL']"
48,Reforming Economies (R10),R10,"['Armenia', 'Azerbaijan', 'Belarus', 'Georgia', 'Kazakhstan', 'Kyrgyzstan', 'Moldova', 'Russian Federation', 'Tajikistan', 'Turkmenistan', 'Ukraine', 'Uzbekistan']","['ARM', 'AZE', 'BLR', 'GEO', 'KAZ', 'KGZ', 'MDA', 'RUS', 'TJK', 'TKM', 'UKR', 'UZB']"
49,Rest of Asia (R10),R10,"['Brunei Darussalam', 'Cambodia', 'Cook Islands', 'Fiji', 'French Polynesia', 'Indonesia', 'Kiribati', 'Laos', 'Malaysia', 'Marshall Islands', 'Micronesia', 'Myanmar', 'Nauru', 'Niue', 'Palau', 'New Caledonia', 'Papua New Guinea', 'Philippines', 'Samoa', 'Singapore', 'Solomon Islands', 'Taiwan', 'Thailand', 'Timor-Leste', 'Tonga', 'Tuvalu', 'Vanuatu', 'Viet Nam']","['BRN', 'KHM', 'COK', 'FJI', 'PYF', 'IDN', 'KIR', 'LAO', 'MYS', 'MHL', 'FSM', 'MMR', 'NRU', 'NIU', 'PLW', 'NCL', 'PNG', 'PHL', 'WSM', 'SGP', 'SLB', 'TWN', 'THA', 'TLS', 'TON', 'TUV', 'VUT', 'VNM']"
50,Other (R10),R10,,
51,"REMIND-MAgPIE 3.4-4.8|Canada, Australia, New Zealand",REMIND-MAgPIE 3.4-4.8,"['Australia', 'Canada', 'Heard Island and McDonald Islands', 'New Zealand', 'Saint Pierre and Miquelon']","['AUS', 'CAN', 'HMD', 'NZL', 'SPM']"
52,REMIND-MAgPIE 3.4-4.8|China and Taiwan,REMIND-MAgPIE 3.4-4.8,"['China', 'Hong Kong', 'Macao', 'Taiwan']","['CHN', 'HKG', 'MAC', 'TWN']"
53,REMIND-MAgPIE 3.4-4.8|India,REMIND-MAgPIE 3.4-4.8,['India'],['IND']
54,REMIND-MAgPIE 3.4-4.8|Japan,REMIND-MAgPIE 3.4-4.8,['Japan'],['JPN']
55,REMIND-MAgPIE 3.4-4.8|Other Asia,REMIND-MAgPIE 3.4-4.8,"['Afghanistan', 'American Samoa', 'Bangladesh', 'Bhutan', 'British Indian Ocean Territory', 'Brunei Darussalam', 'Cambodia', 'Christmas Island', 'Cocos (Keeling) Islands', 'Cook Islands', 'Fiji', 'French Polynesia', 'French Southern Territories', 'Guam', 'Indonesia', 'Kiribati', 'Laos', 'Malaysia', 'Maldives', 'Marshall Islands', 'Micronesia', 'Mongolia', 'Myanmar', 'Nauru', 'Nepal', 'New Caledonia', 'Niue', 'Norfolk Island', 'North Korea', 'Northern Mariana Islands', 'Pakistan', 'Palau', 'Papua New Guinea', 'Philippines', 'Pitcairn', 'Samoa', 'Singapore', 'Solomon Islands', 'South Korea', 'Sri Lanka', 'Thailand', 'Timor-Leste', 'Tokelau', 'Tonga', 'Tuvalu', 'United States Minor Outlying Islands', 'Vanuatu', 'Viet Nam', 'Wallis and Futuna']","['AFG', 'ASM', 'BGD', 'BTN', 'IOT', 'BRN', 'KHM', 'CXR', 'CCK', 'COK', 'FJI', 'PYF', 'ATF', 'GUM', 'IDN', 'KIR', 'LAO', 'MYS', 'MDV', 'MHL', 'FSM', 'MNG', 'MMR', 'NRU', 'NPL', 'NCL', 'NIU', 'NFK', 'PRK', 'MNP', 'PAK', 'PLW', 'PNG', 'PHL', 'PCN', 'WSM', 'SGP', 'SLB', 'KOR', 'LKA', 'THA', 'TLS', 'TKL', 'TON', 'TUV', 'UMI', 'VUT', 'VNM', 'WLF']"
56,REMIND-MAgPIE 3.4-4.8|Latin America and the Caribbean,REMIND-MAgPIE 3.4-4.8,"['Anguilla', 'Antarctica', 'Antigua and Barbuda', 'Argentina', 'Aruba', 'Bahamas', 'Barbados', 'Belize', 'Bermuda', 'Bolivia', 'Bonaire, Sint Eustatius and Saba', 'Bouvet Island', 'Brazil', 'British Virgin Islands', 'Cayman Islands', 'Chile', 'Colombia', 'Costa Rica', 'Cuba', 'Curaçao', 'Curaçao', 'Dominica', 'Dominican Republic', 'Ecuador', 'El Salvador', 'Falkland Islands (Malvinas)', 'French Guiana', 'Grenada', 'Guadeloupe', 'Guatemala', 'Guyana', 'Haiti', 'Honduras', 'Jamaica', 'Martinique', 'Mexico', 'Montserrat', 'Nicaragua', 'Panama', 'Paraguay', 'Peru', 'Puerto Rico', 'Saint Barthélemy', 'Saint Kitts and Nevis', 'Saint Lucia', 'Saint Martin (French part)', 'Saint Vincent and the Grenadines', 'Sint Maarten (Dutch part)', 'South Georgia and the South Sandwich Islands', 'Suriname', 'Trinidad and Tobago', 'Turks and Caicos Islands', 'United States Virgin Islands', 'Uruguay', 'Venezuela']","['AIA', 'ATA', 'ATG', 'ARG', 'ABW', 'BHS', 'BRB', 'BLZ', 'BMU', 'BOL', 'BES', 'BVT', 'BRA', 'VGB', 'CYM', 'CHL', 'COL', 'CRI', 'CUB', 'CUW', 'CUW', 'DMA', 'DOM', 'ECU', 'SLV', 'FLK', 'GUF', 'GRD', 'GLP', 'GTM', 'GUY', 'HTI', 'HND', 'JAM', 'MTQ', 'MEX', 'MSR', 'NIC', 'PAN', 'PRY', 'PER', 'PRI', 'BLM', 'KNA', 'LCA', 'MAF', 'VCT', 'SXM', 'SGS', 'SUR', 'TTO', 'TCA', 'VIR', 'URY', 'VEN']"
57,REMIND-MAgPIE 3.4-4.8|Middle East and North Africa,REMIND-MAgPIE 3.4-4.8,"['Algeria', 'Bahrain', 'Egypt', 'Iran', 'Iraq', 'Israel', 'Jordan', 'Kuwait', 'Lebanon', 'Libya', 'Morocco', 'Oman', 'Palestine', 'Qatar', 'Saudi Arabia', 'Sudan', 'Syria', 'Tunisia', 'United Arab Emirates', 'Western Sahara', 'Yemen']","['DZA', 'BHR', 'EGY', 'IRN', 'IRQ', 'ISR', 'JOR', 'KWT', 'LBN', 'LBY', 'MAR', 'OMN', 'PSE', 'QAT', 'SAU', 'SDN', 'SYR', 'TUN', 'ARE', 'ESH', 'YEM']"
58,REMIND-MAgPIE 3.4-4.8|Russia and Reforming Economies,REMIND-MAgPIE 3.4-4.8,"['Armenia', 'Azerbaijan', 'Belarus', 'Georgia', 'Kazakhstan', 'Kyrgyzstan', 'Moldova', 'Russian Federation', 'Tajikistan', 'Turkmenistan', 'Ukraine', 'Uzbekistan']","['ARM', 'AZE', 'BLR', 'GEO', 'KAZ', 'KGZ', 'MDA', 'RUS', 'TJK', 'TKM', 'UKR', 'UZB']"
59,REMIND-MAgPIE 3.4-4.8|Sub-Saharan Africa,REMIND-MAgPIE 3.4-4.8,"['Angola', 'Benin', 'Botswana', 'Burkina Faso', 'Burundi', 'Cabo Verde', 'Cameroon', 'Central African Republic', 'Chad', 'Comoros', 'Congo', ""Côte d'Ivoire"", 'Democratic Republic of the Congo', 'Djibouti', 'Equatorial Guinea', 'Eritrea', 'Eswatini', 'Ethiopia', 'Gabon', 'Gambia', 'Ghana', 'Guinea', 'Guinea-Bissau', 'Kenya', 'Lesotho', 'Liberia', 'Madagascar', 'Malawi', 'Mali', 'Mauritania', 'Mauritius', 'Mayotte', 'Mozambique', 'Namibia', 'Niger', 'Nigeria', 'Rwanda', 'Réunion', 'Saint Helena, Ascension and Tristan da Cunha', 'Sao Tome and Principe', 'Senegal', 'Seychelles', 'Sierra Leone', 'Somalia', 'South Africa', 'South Sudan', 'Tanzania', 'Togo', 'Uganda', 'Zambia', 'Zimbabwe']","['AGO', 'BEN', 'BWA', 'BFA', 'BDI', 'CPV', 'CMR', 'CAF', 'TCD', 'COM', 'COG', 'CIV', 'COD', 'DJI', 'GNQ', 'ERI', 'SWZ', 'ETH', 'GAB', 'GMB', 'GHA', 'GIN', 'GNB', 'KEN', 'LSO', 'LBR', 'MDG', 'MWI', 'MLI', 'MRT', 'MUS', 'MYT', 'MOZ', 'NAM', 'NER', 'NGA', 'RWA', 'REU', 'SHN', 'STP', 'SEN', 'SYC', 'SLE', 'SOM', 'ZAF', 'SSD', 'TZA', 'TGO', 'UGA', 'ZMB', 'ZWE']"
60,REMIND-MAgPIE 3.4-4.8|United States of America,REMIND-MAgPIE 3.4-4.8,['United States'],['USA']
61,REMIND-MAgPIE 3.4-4.8|EU 28,REMIND-MAgPIE 3.4-4.8,"['Austria', 'Belgium', 'Bulgaria', 'Croatia', 'Cyprus', 'Czechia', 'Denmark', 'Estonia', 'Faroe Islands', 'Finland', 'France', 'Germany', 'Gibraltar', 'Gibraltar', 'Greece', 'Guernsey', 'Guernsey', 'Hungary', 'Ireland', 'Isle of Man', 'Italy', 'Italy', 'Jersey', 'Latvia', 'Lithuania', 'Luxembourg', 'Malta', 'Netherlands', 'Poland', 'Portugal', 'Romania', 'Slovakia', 'Slovenia', 'Spain', 'Sweden', 'United Kingdom', 'Åland Islands']","['AUT', 'BEL', 'BGR', 'HRV', 'CYP', 'CZE', 'DNK', 'EST', 'FRO', 'FIN', 'FRA', 'DEU', 'GIB', 'GIB', 'GRC', 'GGY', 'GGY', 'HUN', 'IRL', 'IMN', 'ITA', 'ITA', 'JEY', 'LVA', 'LTU', 'LUX', 'MLT', 'NLD', 'POL', 'PRT', 'ROU', 'SVK', 'SVN', 'ESP', 'SWE', 'GBR', 'ALA']"
62,REMIND-MAgPIE 3.4-4.8|Non-EU28 Europe,REMIND-MAgPIE 3.4-4.8,"['Albania', 'Andorra', 'Bosnia and Herzegovina', 'Greenland', 'Iceland', 'Liechtenstein', 'Monaco', 'Montenegro', 'North Macedonia', 'Norway', 'San Marino', 'Serbia', 'Svalbard and Jan Mayen', 'Switzerland', 'Turkey', 'Vatican']","['ALB', 'AND', 'BIH', 'GRL', 'ISL', 'LIE', 'MCO', 'MNE', 'MKD', 'NOR', 'SMR', 'SRB', 'SJM', 'CHE', 'TUR', 'VAT']"
63,IMACLIM 2.0|Africa,IMACLIM 2.0,,
64,IMACLIM 2.0|Brazil,IMACLIM 2.0,,
65,IMACLIM 2.0|Canada,IMACLIM 2.0,,
66,IMACLIM 2.0|China,IMACLIM 2.0,,
67,IMACLIM 2.0|Former Soviet Union excluding EU Baltic countries,IMACLIM 2.0,,
68,IMACLIM 2.0|Europe excluding FSU,IMACLIM 2.0,,
69,IMACLIM 2.0|India,IMACLIM 2.0,,
70,"IMACLIM 2.0|Japan, Australia, New Zealand and Korea",IMACLIM 2.0,,
71,IMACLIM 2.0|Middle East,IMACLIM 2.0,,
72,IMACLIM 2.0|Rest of Latin America,IMACLIM 2.0,,
73,IMACLIM 2.0|Rest of Asia,IMACLIM 2.0,,
74,IMACLIM 2.0|USA,IMACLIM 2.0,,
75,GCAM 7.1|Africa_Eastern,GCAM 7.1,"['Burundi', 'Comoros', 'Djibouti', 'Eritrea', 'Ethiopia', 'Kenya', 'Madagascar', 'Mauritius', 'Réunion', 'Rwanda', 'Somalia', 'Sudan', 'South Sudan', 'Uganda']","['BDI', 'COM', 'DJI', 'ERI', 'ETH', 'KEN', 'MDG', 'MUS', 'REU', 'RWA', 'SOM', 'SDN', 'SSD', 'UGA']"
76,GCAM 7.1|Africa_Northern,GCAM 7.1,"['Algeria', 'Egypt', 'Libya', 'Morocco', 'Tunisia', 'Western Sahara']","['DZA', 'EGY', 'LBY', 'MAR', 'TUN', 'ESH']"
77,GCAM 7.1|Africa_Southern,GCAM 7.1,"['Angola', 'Mozambique', 'Malawi', 'Lesotho', 'Botswana', 'Tanzania', 'Namibia', 'Eswatini', 'Zambia', 'Zimbabwe']","['AGO', 'MOZ', 'MWI', 'LSO', 'BWA', 'TZA', 'NAM', 'SWZ', 'ZMB', 'ZWE']"
78,GCAM 7.1|Africa_Western,GCAM 7.1,"['Benin', 'Congo', 'Democratic Republic of the Congo', 'Cameroon', 'Chad', 'Central African Republic', 'Cabo Verde', 'Equatorial Guinea', 'Gambia', 'Gabon', 'Ghana', 'Guinea', ""Côte d'Ivoire"", 'Liberia', 'Mali', 'Mauritania', 'Niger', 'Nigeria', 'Guinea-Bissau', 'Senegal', 'Sierra Leone', 'Togo', 'Sao Tome and Principe', 'Burkina Faso']","['BEN', 'COG', 'COD', 'CMR', 'TCD', 'CAF', 'CPV', 'GNQ', 'GMB', 'GAB', 'GHA', 'GIN', 'CIV', 'LBR', 'MLI', 'MRT', 'NER', 'NGA', 'GNB', 'SEN', 'SLE', 'TGO', 'STP', 'BFA']"
79,GCAM 7.1|Argentina,GCAM 7.1,['Argentina'],['ARG']
80,GCAM 7.1|Australia_NZ,GCAM 7.1,"['Australia', 'New Zealand']","['AUS', 'NZL']"
81,GCAM 7.1|Brazil,GCAM 7.1,['Brazil'],['BRA']
82,GCAM 7.1|Canada,GCAM 7.1,['Canada'],['CAN']
83,GCAM 7.1|Central America and Caribbean,GCAM 7.1,"['Antigua and Barbuda', 'Barbados', 'Bermuda', 'Bahamas', 'Belize', 'Cayman Islands', 'Costa Rica', 'Cuba', 'Dominica', 'Dominican Republic', 'El Salvador', 'Grenada', 'Guatemala', 'Haiti', 'Honduras', 'Jamaica', 'Martinique', 'Montserrat', 'Aruba', 'Anguilla', 'Nicaragua', 'Panama', 'Saint Kitts and Nevis', 'Saint Lucia', 'Trinidad and Tobago', 'Saint Vincent and the Grenadines', 'Guadeloupe']","['ATG', 'BRB', 'BMU', 'BHS', 'BLZ', 'CYM', 'CRI', 'CUB', 'DMA', 'DOM', 'SLV', 'GRD', 'GTM', 'HTI', 'HND', 'JAM', 'MTQ', 'MSR', 'ABW', 'AIA', 'NIC', 'PAN', 'KNA', 'LCA', 'TTO', 'VCT', 'GLP']"
84,GCAM 7.1|Central Asia,GCAM 7.1,"['Azerbaijan', 'Armenia', 'Georgia', 'Kyrgyzstan', 'Kazakhstan', 'Mongolia', 'Tajikistan', 'Turkmenistan', 'Uzbekistan']","['AZE', 'ARM', 'GEO', 'KGZ', 'KAZ', 'MNG', 'TJK', 'TKM', 'UZB']"
85,GCAM 7.1|China,GCAM 7.1,"['China', 'Hong Kong', 'Macao']","['CHN', 'HKG', 'MAC']"
86,GCAM 7.1|Colombia,GCAM 7.1,['Colombia'],['COL']
87,GCAM 7.1|EU-12,GCAM 7.1,"['Bulgaria', 'Cyprus', 'Estonia', 'Czechia', 'Hungary', 'Latvia', 'Lithuania', 'Slovakia', 'Malta', 'Poland', 'Romania', 'Slovenia']","['BGR', 'CYP', 'EST', 'CZE', 'HUN', 'LVA', 'LTU', 'SVK', 'MLT', 'POL', 'ROU', 'SVN']"
88,GCAM 7.1|EU-15,GCAM 7.1,"['Denmark', 'Ireland', 'Austria', 'Finland', 'Falkland Islands (Malvinas)', 'France', 'Greenland', 'Germany', 'Greece', 'Italy', 'Belgium', 'Faroe Islands', 'Andorra', 'Gibraltar', 'Isle of Man', 'Luxembourg', 'Monaco', 'Netherlands', 'Portugal', 'Spain', 'Sweden', 'United Kingdom', 'British Virgin Islands', 'Saint Pierre and Miquelon', 'San Marino', 'Turks and Caicos Islands']","['DNK', 'IRL', 'AUT', 'FIN', 'FLK', 'FRA', 'GRL', 'DEU', 'GRC', 'ITA', 'BEL', 'FRO', 'AND', 'GIB', 'IMN', 'LUX', 'MCO', 'NLD', 'PRT', 'ESP', 'SWE', 'GBR', 'VGB', 'SPM', 'SMR', 'TCA']"
89,GCAM 7.1|Europe_Eastern,GCAM 7.1,"['Belarus', 'Moldova', 'Ukraine']","['BLR', 'MDA', 'UKR']"
90,GCAM 7.1|Europe_Non_EU,GCAM 7.1,"['Albania', 'Bosnia and Herzegovina', 'Croatia', 'North Macedonia', 'Montenegro', 'Turkey', 'Serbia']","['ALB', 'BIH', 'HRV', 'MKD', 'MNE', 'TUR', 'SRB']"
91,GCAM 7.1|European Free Trade Association,GCAM 7.1,"['Iceland', 'Liechtenstein', 'Norway', 'Switzerland']","['ISL', 'LIE', 'NOR', 'CHE']"
92,GCAM 7.1|India,GCAM 7.1,['India'],['IND']
93,GCAM 7.1|Indonesia,GCAM 7.1,['Indonesia'],['IDN']
94,GCAM 7.1|Japan,GCAM 7.1,['Japan'],['JPN']
95,GCAM 7.1|Mexico,GCAM 7.1,['Mexico'],['MEX']
96,GCAM 7.1|Middle East,GCAM 7.1,"['Bahrain', 'Iran', 'Israel', 'Iraq', 'Jordan', 'Kuwait', 'Lebanon', 'Oman', 'Palestine', 'Qatar', 'Saudi Arabia', 'Syria', 'Yemen', 'United Arab Emirates']","['BHR', 'IRN', 'ISR', 'IRQ', 'JOR', 'KWT', 'LBN', 'OMN', 'PSE', 'QAT', 'SAU', 'SYR', 'YEM', 'ARE']"
97,GCAM 7.1|Pakistan,GCAM 7.1,['Pakistan'],['PAK']
98,GCAM 7.1|Russia,GCAM 7.1,['Russian Federation'],['RUS']
99,GCAM 7.1|South Africa,GCAM 7.1,['South Africa'],['ZAF']
100,GCAM 7.1|South America_Northern,GCAM 7.1,"['French Guiana', 'Guyana', 'Suriname', 'Venezuela']","['GUF', 'GUY', 'SUR', 'VEN']"
101,GCAM 7.1|South America_Southern,GCAM 7.1,"['Bolivia', 'Chile', 'Ecuador', 'Paraguay', 'Peru', 'Uruguay']","['BOL', 'CHL', 'ECU', 'PRY', 'PER', 'URY']"
102,GCAM 7.1|South Asia,GCAM 7.1,"['Bangladesh', 'Sri Lanka', 'Afghanistan', 'Bhutan', 'Maldives', 'Nepal']","['BGD', 'LKA', 'AFG', 'BTN', 'MDV', 'NPL']"
103,GCAM 7.1|South Korea,GCAM 7.1,['South Korea'],['KOR']
104,GCAM 7.1|Southeast Asia,GCAM 7.1,"['American Samoa', 'Myanmar', 'Solomon Islands', 'Brunei Darussalam', 'Cambodia', 'Cook Islands', 'Fiji', 'Micronesia', 'French Polynesia', 'Guam', 'North Korea', 'Kiribati', 'Laos', 'Malaysia', 'New Caledonia', 'Niue', 'Northern Mariana Islands', 'Mayotte', 'Norfolk Island', 'Cocos (Keeling) Islands', 'Christmas Island', 'Vanuatu', 'Nauru', 'Papua New Guinea', 'Philippines', 'Seychelles', 'Singapore', 'Thailand', 'Tokelau', 'Tonga', 'Tuvalu', 'Viet Nam', 'Samoa', 'Timor-Leste', 'Palau', 'Marshall Islands']","['ASM', 'MMR', 'SLB', 'BRN', 'KHM', 'COK', 'FJI', 'FSM', 'PYF', 'GUM', 'PRK', 'KIR', 'LAO', 'MYS', 'NCL', 'NIU', 'MNP', 'MYT', 'NFK', 'CCK', 'CXR', 'VUT', 'NRU', 'PNG', 'PHL', 'SYC', 'SGP', 'THA', 'TKL', 'TON', 'TUV', 'VNM', 'WSM', 'TLS', 'PLW', 'MHL']"
105,GCAM 7.1|Taiwan,GCAM 7.1,['Taiwan'],['TWN']
106,GCAM 7.1|USA,GCAM 7.1,"['Puerto Rico', 'United States', 'United States Virgin Islands']","['PRI', 'USA', 'VIR']"
107,"REMIND 3.1|Canada, Australia, New Zealand",REMIND 3.1,"['Australia', 'Canada', 'Heard Island and McDonald Islands', 'New Zealand', 'Saint Pierre and Miquelon']","['AUS', 'CAN', 'HMD', 'NZL', 'SPM']"
108,REMIND 3.1|China and Taiwan,REMIND 3.1,"['China', 'Hong Kong', 'Macao', 'Taiwan']","['CHN', 'HKG', 'MAC', 'TWN']"
109,REMIND 3.1|India,REMIND 3.1,['India'],['IND']
110,REMIND 3.1|Japan,REMIND 3.1,['Japan'],['JPN']
111,REMIND 3.1|Other Asia,REMIND 3.1,"['Afghanistan', 'American Samoa', 'Bangladesh', 'Bhutan', 'British Indian Ocean Territory', 'Brunei Darussalam', 'Cambodia', 'Christmas Island', 'Cocos (Keeling) Islands', 'Cook Islands', 'Fiji', 'French Polynesia', 'French Southern Territories', 'Guam', 'Indonesia', 'Kiribati', 'Laos', 'Malaysia', 'Maldives', 'Marshall Islands', 'Micronesia', 'Mongolia', 'Myanmar', 'Nauru', 'Nepal', 'New Caledonia', 'Niue', 'Norfolk Island', 'North Korea', 'Northern Mariana Islands', 'Pakistan', 'Palau', 'Papua New Guinea', 'Philippines', 'Pitcairn', 'Samoa', 'Singapore', 'Solomon Islands', 'South Korea', 'Sri Lanka', 'Thailand', 'Timor-Leste', 'Tokelau', 'Tonga', 'Tuvalu', 'United States Minor Outlying Islands', 'Vanuatu', 'Viet Nam', 'Wallis and Futuna']","['AFG', 'ASM', 'BGD', 'BTN', 'IOT', 'BRN', 'KHM', 'CXR', 'CCK', 'COK', 'FJI', 'PYF', 'ATF', 'GUM', 'IDN', 'KIR', 'LAO', 'MYS', 'MDV', 'MHL', 'FSM', 'MNG', 'MMR', 'NRU', 'NPL', 'NCL', 'NIU', 'NFK', 'PRK', 'MNP', 'PAK', 'PLW', 'PNG', 'PHL', 'PCN', 'WSM', 'SGP', 'SLB', 'KOR', 'LKA', 'THA', 'TLS', 'TKL', 'TON', 'TUV', 'UMI', 'VUT', 'VNM', 'WLF']"
112,REMIND 3.1|Latin America and the Caribbean,REMIND 3.1,"['Anguilla', 'Antarctica', 'Antigua and Barbuda', 'Argentina', 'Aruba', 'Bahamas', 'Barbados', 'Belize', 'Bermuda', 'Bolivia', 'Bonaire, Sint Eustatius and Saba', 'Bouvet Island', 'Brazil', 'British Virgin Islands', 'Cayman Islands', 'Chile', 'Colombia', 'Costa Rica', 'Cuba', 'Curaçao', 'Curaçao', 'Dominica', 'Dominican Republic', 'Ecuador', 'El Salvador', 'Falkland Islands (Malvinas)', 'French Guiana', 'Grenada', 'Guadeloupe', 'Guatemala', 'Guyana', 'Haiti', 'Honduras', 'Jamaica', 'Martinique', 'Mexico', 'Montserrat', 'Nicaragua', 'Panama', 'Paraguay', 'Peru', 'Puerto Rico', 'Saint Barthélemy', 'Saint Kitts and Nevis', 'Saint Lucia', 'Saint Martin (French part)', 'Saint Vincent and the Grenadines', 'Sint Maarten (Dutch part)', 'South Georgia and the South Sandwich Islands', 'Suriname', 'Trinidad and Tobago', 'Turks and Caicos Islands', 'United States Virgin Islands', 'Uruguay', 'Venezuela']","['AIA', 'ATA', 'ATG', 'ARG', 'ABW', 'BHS', 'BRB', 'BLZ', 'BMU', 'BOL', 'BES', 'BVT', 'BRA', 'VGB', 'CYM', 'CHL', 'COL', 'CRI', 'CUB', 'CUW', 'CUW', 'DMA', 'DOM', 'ECU', 'SLV', 'FLK', 'GUF', 'GRD', 'GLP', 'GTM', 'GUY', 'HTI', 'HND', 'JAM', 'MTQ', 'MEX', 'MSR', 'NIC', 'PAN', 'PRY', 'PER', 'PRI', 'BLM', 'KNA', 'LCA', 'MAF', 'VCT', 'SXM', 'SGS', 'SUR', 'TTO', 'TCA', 'VIR', 'URY', 'VEN']"
113,REMIND 3.1|Middle East and North Africa,REMIND 3.1,"['Algeria', 'Bahrain', 'Egypt', 'Iran', 'Iraq', 'Israel', 'Jordan', 'Kuwait', 'Lebanon', 'Libya', 'Morocco', 'Oman', 'Palestine', 'Qatar', 'Saudi Arabia', 'Sudan', 'Syria', 'Tunisia', 'United Arab Emirates', 'Western Sahara', 'Yemen']","['DZA', 'BHR', 'EGY', 'IRN', 'IRQ', 'ISR', 'JOR', 'KWT', 'LBN', 'LBY', 'MAR', 'OMN', 'PSE', 'QAT', 'SAU', 'SDN', 'SYR', 'TUN', 'ARE', 'ESH', 'YEM']"
114,REMIND 3.1|Russia and Reforming Economies,REMIND 3.1,"['Armenia', 'Azerbaijan', 'Belarus', 'Georgia', 'Kazakhstan', 'Kyrgyzstan', 'Moldova', 'Russian Federation', 'Tajikistan', 'Turkmenistan', 'Ukraine', 'Uzbekistan']","['ARM', 'AZE', 'BLR', 'GEO', 'KAZ', 'KGZ', 'MDA', 'RUS', 'TJK', 'TKM', 'UKR', 'UZB']"
115,REMIND 3.1|Sub-Saharan Africa,REMIND 3.1,"['Angola', 'Benin', 'Botswana', 'Burkina Faso', 'Burundi', 'Cabo Verde', 'Cameroon', 'Central African Republic', 'Chad', 'Comoros', 'Congo', ""Côte d'Ivoire"", 'Democratic Republic of the Congo', 'Djibouti', 'Equatorial Guinea', 'Eritrea', 'Eswatini', 'Ethiopia', 'Gabon', 'Gambia', 'Ghana', 'Guinea', 'Guinea-Bissau', 'Kenya', 'Lesotho', 'Liberia', 'Madagascar', 'Malawi', 'Mali', 'Mauritania', 'Mauritius', 'Mayotte', 'Mozambique', 'Namibia', 'Niger', 'Nigeria', 'Rwanda', 'Réunion', 'Saint Helena, Ascension and Tristan da Cunha', 'Sao Tome and Principe', 'Senegal', 'Seychelles', 'Sierra Leone', 'Somalia', 'South Africa', 'South Sudan', 'Tanzania', 'Togo', 'Uganda', 'Zambia', 'Zimbabwe']","['AGO', 'BEN', 'BWA', 'BFA', 'BDI', 'CPV', 'CMR', 'CAF', 'TCD', 'COM', 'COG', 'CIV', 'COD', 'DJI', 'GNQ', 'ERI', 'SWZ', 'ETH', 'GAB', 'GMB', 'GHA', 'GIN', 'GNB', 'KEN', 'LSO', 'LBR', 'MDG', 'MWI', 'MLI', 'MRT', 'MUS', 'MYT', 'MOZ', 'NAM', 'NER', 'NGA', 'RWA', 'REU', 'SHN', 'STP', 'SEN', 'SYC', 'SLE', 'SOM', 'ZAF', 'SSD', 'TZA', 'TGO', 'UGA', 'ZMB', 'ZWE']"
116,REMIND 3.1|United States of America,REMIND 3.1,['United States'],['USA']
117,REMIND 3.1|EU 28,REMIND 3.1,"['Austria', 'Belgium', 'Bulgaria', 'Croatia', 'Cyprus', 'Czechia', 'Denmark', 'Estonia', 'Faroe Islands', 'Finland', 'France', 'Germany', 'Gibraltar', 'Gibraltar', 'Greece', 'Guernsey', 'Guernsey', 'Hungary', 'Ireland', 'Isle of Man', 'Italy', 'Italy', 'Jersey', 'Latvia', 'Lithuania', 'Luxembourg', 'Malta', 'Netherlands', 'Poland', 'Portugal', 'Romania', 'Slovakia', 'Slovenia', 'Spain', 'Sweden', 'United Kingdom', 'Åland Islands']","['AUT', 'BEL', 'BGR', 'HRV', 'CYP', 'CZE', 'DNK', 'EST', 'FRO', 'FIN', 'FRA', 'DEU', 'GIB', 'GIB', 'GRC', 'GGY', 'GGY', 'HUN', 'IRL', 'IMN', 'ITA', 'ITA', 'JEY', 'LVA', 'LTU', 'LUX', 'MLT', 'NLD', 'POL', 'PRT', 'ROU', 'SVK', 'SVN', 'ESP', 'SWE', 'GBR', 'ALA']"
118,REMIND 3.1|Non-EU28 Europe,REMIND 3.1,"['Albania', 'Andorra', 'Bosnia and Herzegovina', 'Greenland', 'Iceland', 'Liechtenstein', 'Monaco', 'Montenegro', 'North Macedonia', 'Norway', 'San Marino', 'Serbia', 'Svalbard and Jan Mayen', 'Switzerland', 'Turkey', 'Vatican']","['ALB', 'AND', 'BIH', 'GRL', 'ISL', 'LIE', 'MCO', 'MNE', 'MKD', 'NOR', 'SMR', 'SRB', 'SJM', 'CHE', 'TUR', 'VAT']"
119,REMIND 3.1|Germany,REMIND 3.1,['Germany'],['DEU']
120,REMIND 3.1|France,REMIND 3.1,['France'],['FRA']
121,REMIND 3.1|United Kingdom and Ireland,REMIND 3.1,"['Gibraltar', 'Guernsey', 'Ireland', 'Isle of Man', 'Jersey', 'United Kingdom']","['GIB', 'GGY', 'IRL', 'IMN', 'JEY', 'GBR']"
122,REMIND 3.1|EU Center-East Europe,REMIND 3.1,"['Czechia', 'Estonia', 'Latvia', 'Lithuania', 'Poland', 'Slovakia']","['CZE', 'EST', 'LVA', 'LTU', 'POL', 'SVK']"
123,REMIND 3.1|EU Center-South Europe,REMIND 3.1,"['Bulgaria', 'Croatia', 'Hungary', 'Romania', 'Slovenia']","['BGR', 'HRV', 'HUN', 'ROU', 'SVN']"
124,REMIND 3.1|EU North-Center Europe,REMIND 3.1,"['Denmark', 'Faroe Islands', 'Finland', 'Sweden', 'Åland Islands']","['DNK', 'FRO', 'FIN', 'SWE', 'ALA']"
125,REMIND 3.1|EU South-Center Europe,REMIND 3.1,"['Cyprus', 'Greece', 'Italy', 'Malta']","['CYP', 'GRC', 'ITA', 'MLT']"
126,REMIND 3.1|EU South-West Europe,REMIND 3.1,"['Portugal', 'Spain']","['PRT', 'ESP']"
127,REMIND 3.1|EU North-West Europe,REMIND 3.1,"['Austria', 'Belgium', 'Luxembourg', 'Netherlands']","['AUT', 'BEL', 'LUX', 'NLD']"
128,REMIND 3.1|Non-EU Northern Europe,REMIND 3.1,"['Greenland', 'Iceland', 'Liechtenstein', 'Norway', 'Svalbard and Jan Mayen', 'Switzerland']","['GRL', 'ISL', 'LIE', 'NOR', 'SJM', 'CHE']"
129,REMIND 3.1|Non-EU Southern Europe,REMIND 3.1,"['Albania', 'Andorra', 'Bosnia and Herzegovina', 'Monaco', 'Montenegro', 'North Macedonia', 'San Marino', 'Serbia', 'Turkey', 'Vatican']","['ALB', 'AND', 'BIH', 'MCO', 'MNE', 'MKD', 'SMR', 'SRB', 'TUR', 'VAT']"
130,REMIND 3.1|EU 27,REMIND 3.1,"['Austria', 'Belgium', 'Bulgaria', 'Croatia', 'Cyprus', 'Czechia', 'Denmark', 'Estonia', 'Faroe Islands', 'Finland', 'France', 'Germany', 'Greece', 'Hungary', 'Italy', 'Latvia', 'Lithuania', 'Luxembourg', 'Malta', 'Netherlands', 'Poland', 'Portugal', 'Romania', 'Slovakia', 'Slovenia', 'Spain', 'Sweden', 'Åland Islands']","['AUT', 'BEL', 'BGR', 'HRV', 'CYP', 'CZE', 'DNK', 'EST', 'FRO', 'FIN', 'FRA', 'DEU', 'GRC', 'HUN', 'ITA', 'LVA', 'LTU', 'LUX', 'MLT', 'NLD', 'POL', 'PRT', 'ROU', 'SVK', 'SVN', 'ESP', 'SWE', 'ALA']"
131,IMAGE 3.4|Brazil,IMAGE 3.4,['Brazil'],['BRA']
132,IMAGE 3.4|Canada,IMAGE 3.4,['Canada'],['CAN']
133,IMAGE 3.4|Central Europe,IMAGE 3.4,"['Albania', 'Bosnia and Herzegovina', 'Bulgaria', 'Croatia', 'Cyprus', 'Czechia', 'Estonia', 'Hungary', 'Latvia', 'Lithuania', 'North Macedonia', 'Poland', 'Romania', 'Serbia', 'Montenegro', 'Slovakia', 'Slovenia']","['ALB', 'BIH', 'BGR', 'HRV', 'CYP', 'CZE', 'EST', 'HUN', 'LVA', 'LTU', 'MKD', 'POL', 'ROU', 'SRB', 'MNE', 'SVK', 'SVN']"
134,IMAGE 3.4|China Region,IMAGE 3.4,"['China', 'Hong Kong', 'Macao', 'Mongolia', 'Taiwan']","['CHN', 'HKG', 'MAC', 'MNG', 'TWN']"
135,IMAGE 3.4|Eastern Africa,IMAGE 3.4,"['Burundi', 'Comoros', 'Djibouti', 'Eritrea', 'Ethiopia', 'Kenya', 'Madagascar', 'Mauritius', 'Réunion', 'Rwanda', 'Seychelles', 'Somalia', 'Sudan', 'Uganda']","['BDI', 'COM', 'DJI', 'ERI', 'ETH', 'KEN', 'MDG', 'MUS', 'REU', 'RWA', 'SYC', 'SOM', 'SDN', 'UGA']"
136,IMAGE 3.4|India,IMAGE 3.4,['India'],['IND']
137,IMAGE 3.4|Indonesia Region,IMAGE 3.4,"['Timor-Leste', 'Indonesia', 'Papua New Guinea']","['TLS', 'IDN', 'PNG']"
138,IMAGE 3.4|Japan,IMAGE 3.4,['Japan'],['JPN']
139,IMAGE 3.4|Korea Region,IMAGE 3.4,"['South Korea', 'North Korea']","['KOR', 'PRK']"
140,IMAGE 3.4|Middle East,IMAGE 3.4,"['Bahrain', 'Iran', 'Iraq', 'Israel', 'Jordan', 'Kuwait', 'Lebanon', 'Oman', 'Palestine', 'Qatar', 'Saudi Arabia', 'Syria', 'United Arab Emirates', 'Yemen']","['BHR', 'IRN', 'IRQ', 'ISR', 'JOR', 'KWT', 'LBN', 'OMN', 'PSE', 'QAT', 'SAU', 'SYR', 'ARE', 'YEM']"
141,IMAGE 3.4|Mexico,IMAGE 3.4,['Mexico'],['MEX']
142,IMAGE 3.4|Northern Africa,IMAGE 3.4,"['Algeria', 'Egypt', 'Libya', 'Morocco', 'Tunisia', 'Western Sahara']","['DZA', 'EGY', 'LBY', 'MAR', 'TUN', 'ESH']"
143,IMAGE 3.4|Oceania,IMAGE 3.4,"['American Samoa', 'Australia', 'Cook Islands', 'Fiji', 'French Polynesia', 'Kiribati', 'Marshall Islands', 'Micronesia', 'Nauru', 'New Caledonia', 'New Zealand', 'Niue', 'Northern Mariana Islands', 'Palau', 'Pitcairn', 'Samoa', 'Solomon Islands', 'Tokelau', 'Tonga', 'Tuvalu', 'Vanuatu', 'Wallis and Futuna']","['ASM', 'AUS', 'COK', 'FJI', 'PYF', 'KIR', 'MHL', 'FSM', 'NRU', 'NCL', 'NZL', 'NIU', 'MNP', 'PLW', 'PCN', 'WSM', 'SLB', 'TKL', 'TON', 'TUV', 'VUT', 'WLF']"
144,IMAGE 3.4|Central America,IMAGE 3.4,"['Anguilla', 'Aruba', 'Bahamas', 'Barbados', 'Belize', 'Bermuda', 'Cayman Islands', 'Costa Rica', 'Dominica', 'Dominican Republic', 'El Salvador', 'Grenada', 'Guadeloupe', 'Guatemala', 'Haiti', 'Honduras', 'Jamaica', 'Martinique', 'Montserrat', 'Nicaragua', 'Panama', 'Puerto Rico', 'Saint Kitts and Nevis', 'Saint Lucia', 'Saint Vincent and the Grenadines', 'Trinidad and Tobago', 'Turks and Caicos Islands', 'British Virgin Islands', 'United States Virgin Islands']","['AIA', 'ABW', 'BHS', 'BRB', 'BLZ', 'BMU', 'CYM', 'CRI', 'DMA', 'DOM', 'SLV', 'GRD', 'GLP', 'GTM', 'HTI', 'HND', 'JAM', 'MTQ', 'MSR', 'NIC', 'PAN', 'PRI', 'KNA', 'LCA', 'VCT', 'TTO', 'TCA', 'VGB', 'VIR']"
145,IMAGE 3.4|Rest of Southern Africa,IMAGE 3.4,"['Angola', 'Botswana', 'Lesotho', 'Malawi', 'Mozambique', 'Namibia', 'Eswatini', 'Tanzania', 'Zambia', 'Zimbabwe']","['AGO', 'BWA', 'LSO', 'MWI', 'MOZ', 'NAM', 'SWZ', 'TZA', 'ZMB', 'ZWE']"
146,IMAGE 3.4|Rest of South America,IMAGE 3.4,"['Argentina', 'Bolivia', 'Chile', 'Colombia', 'Ecuador', 'French Guiana', 'Guyana', 'Paraguay', 'Peru', 'Suriname', 'Uruguay', 'Venezuela']","['ARG', 'BOL', 'CHL', 'COL', 'ECU', 'GUF', 'GUY', 'PRY', 'PER', 'SUR', 'URY', 'VEN']"
147,IMAGE 3.4|Rest of South Asia,IMAGE 3.4,"['Afghanistan', 'Bangladesh', 'Bhutan', 'Maldives', 'Nepal', 'Pakistan', 'Sri Lanka']","['AFG', 'BGD', 'BTN', 'MDV', 'NPL', 'PAK', 'LKA']"
148,IMAGE 3.4|Russia Region,IMAGE 3.4,"['Armenia', 'Azerbaijan', 'Georgia', 'Russian Federation']","['ARM', 'AZE', 'GEO', 'RUS']"
149,IMAGE 3.4|South Africa,IMAGE 3.4,['South Africa'],['ZAF']
150,IMAGE 3.4|Southeastern Asia,IMAGE 3.4,"['Brunei Darussalam', 'Cambodia', 'Laos', 'Malaysia', 'Myanmar', 'Philippines', 'Singapore', 'Thailand', 'Viet Nam']","['BRN', 'KHM', 'LAO', 'MYS', 'MMR', 'PHL', 'SGP', 'THA', 'VNM']"
151,IMAGE 3.4|Central Asia,IMAGE 3.4,"['Kazakhstan', 'Kyrgyzstan', 'Tajikistan', 'Turkmenistan', 'Uzbekistan']","['KAZ', 'KGZ', 'TJK', 'TKM', 'UZB']"
152,IMAGE 3.4|Turkey,IMAGE 3.4,['Turkey'],['TUR']
153,IMAGE 3.4|Ukraine Region,IMAGE 3.4,"['Belarus', 'Moldova', 'Ukraine']","['BLR', 'MDA', 'UKR']"
154,IMAGE 3.4|United States,IMAGE 3.4,"['Saint Pierre and Miquelon', 'United States']","['SPM', 'USA']"
155,IMAGE 3.4|Western Africa,IMAGE 3.4,"['Benin', 'Burkina Faso', 'Cameroon', 'Cabo Verde', 'Central African Republic', 'Chad', 'Democratic Republic of the Congo', ""Côte d'Ivoire"", 'Equatorial Guinea', 'Gabon', 'Gambia', 'Ghana', 'Guinea', 'Guinea-Bissau', 'Liberia', 'Mali', 'Mauritania', 'Niger', 'Nigeria', 'Sao Tome and Principe', 'Senegal', 'Sierra Leone', 'Saint Helena, Ascension and Tristan da Cunha', 'Togo']","['BEN', 'BFA', 'CMR', 'CPV', 'CAF', 'TCD', 'COD', 'CIV', 'GNQ', 'GAB', 'GMB', 'GHA', 'GIN', 'GNB', 'LBR', 'MLI', 'MRT', 'NER', 'NGA', 'STP', 'SEN', 'SLE', 'SHN', 'TGO']"
156,IMAGE 3.4|Western Europe,IMAGE 3.4,"['Andorra', 'Austria', 'Belgium', 'Denmark', 'Faroe Islands', 'Finland', 'France', 'Germany', 'Gibraltar', 'Greece', 'Iceland', 'Ireland', 'Italy', 'Liechtenstein', 'Luxembourg', 'Malta', 'Monaco', 'Netherlands', 'Norway', 'Portugal', 'San Marino', 'Spain', 'Sweden', 'Switzerland', 'United Kingdom', 'Vatican']","['AND', 'AUT', 'BEL', 'DNK', 'FRO', 'FIN', 'FRA', 'DEU', 'GIB', 'GRC', 'ISL', 'IRL', 'ITA', 'LIE', 'LUX', 'MLT', 'MCO', 'NLD', 'NOR', 'PRT', 'SMR', 'ESP', 'SWE', 'CHE', 'GBR', 'VAT']"
157,MESSAGEix-GLOBIOM 2.1-R12|Sub-Saharan Africa,MESSAGEix-GLOBIOM 2.1-R12,"['Angola', 'Benin', 'Congo', 'Democratic Republic of the Congo', 'Burundi', 'Cameroon', 'Chad', 'Comoros', 'Central African Republic', 'Cabo Verde', 'Djibouti', 'Equatorial Guinea', 'Eswatini', 'Eritrea', 'Ethiopia', 'Gambia', 'Gabon', 'Ghana', 'Guinea', ""Côte d'Ivoire"", 'Kenya', 'Liberia', 'Madagascar', 'Mali', 'Mauritius', 'Mauritania', 'Mozambique', 'Malawi', 'Niger', 'Nigeria', 'Guinea-Bissau', 'Rwanda', 'Seychelles', 'South Africa', 'Lesotho', 'Botswana', 'Senegal', 'Sierra Leone', 'Somalia', 'Togo', 'Sao Tome and Principe', 'Tanzania', 'Uganda', 'Burkina Faso', 'Namibia', 'Zambia', 'Zimbabwe', 'Western Sahara']","['AGO', 'BEN', 'COG', 'COD', 'BDI', 'CMR', 'TCD', 'COM', 'CAF', 'CPV', 'DJI', 'GNQ', 'SWZ', 'ERI', 'ETH', 'GMB', 'GAB', 'GHA', 'GIN', 'CIV', 'KEN', 'LBR', 'MDG', 'MLI', 'MUS', 'MRT', 'MOZ', 'MWI', 'NER', 'NGA', 'GNB', 'RWA', 'SYC', 'ZAF', 'LSO', 'BWA', 'SEN', 'SLE', 'SOM', 'TGO', 'STP', 'TZA', 'UGA', 'BFA', 'NAM', 'ZMB', 'ZWE', 'ESH']"
158,MESSAGEix-GLOBIOM 2.1-R12|Rest of Centrally Planned Asia,MESSAGEix-GLOBIOM 2.1-R12,"['Cambodia', 'North Korea', 'Laos', 'Mongolia', 'Macao', 'Viet Nam']","['KHM', 'PRK', 'LAO', 'MNG', 'MAC', 'VNM']"
159,MESSAGEix-GLOBIOM 2.1-R12|China,MESSAGEix-GLOBIOM 2.1-R12,"['China', 'Hong Kong']","['CHN', 'HKG']"
160,MESSAGEix-GLOBIOM 2.1-R12|Eastern Europe,MESSAGEix-GLOBIOM 2.1-R12,"['Albania', 'Bosnia and Herzegovina', 'Bulgaria', 'Estonia', 'Czechia', 'Croatia', 'Hungary', 'Latvia', 'Lithuania', 'Slovakia', 'North Macedonia', 'Montenegro', 'Poland', 'Romania', 'Slovenia', 'Serbia']","['ALB', 'BIH', 'BGR', 'EST', 'CZE', 'HRV', 'HUN', 'LVA', 'LTU', 'SVK', 'MKD', 'MNE', 'POL', 'ROU', 'SVN', 'SRB']"
161,MESSAGEix-GLOBIOM 2.1-R12|Former Soviet Union,MESSAGEix-GLOBIOM 2.1-R12,"['Azerbaijan', 'Armenia', 'Georgia', 'Kyrgyzstan', 'Kazakhstan', 'Belarus', 'Moldova', 'Russian Federation', 'Tajikistan', 'Turkmenistan', 'Ukraine', 'Uzbekistan']","['AZE', 'ARM', 'GEO', 'KGZ', 'KAZ', 'BLR', 'MDA', 'RUS', 'TJK', 'TKM', 'UKR', 'UZB']"
162,MESSAGEix-GLOBIOM 2.1-R12|Latin America and the Caribbean,MESSAGEix-GLOBIOM 2.1-R12,"['Antigua and Barbuda', 'Argentina', 'Barbados', 'Bermuda', 'Bahamas', 'Belize', 'Bolivia', 'Brazil', 'Chile', 'Cayman Islands', 'Colombia', 'Costa Rica', 'Cuba', 'Dominica', 'Dominican Republic', 'Ecuador', 'El Salvador', 'French Guiana', 'Falkland Islands (Malvinas)', 'Grenada', 'Guatemala', 'Guyana', 'Haiti', 'Honduras', 'Jamaica', 'Martinique', 'Montserrat', 'Mexico', 'Aruba', 'Anguilla', 'Suriname', 'Nicaragua', 'Paraguay', 'Peru', 'Panama', 'Saint Kitts and Nevis', 'Saint Lucia', 'Trinidad and Tobago', 'Uruguay', 'Saint Vincent and the Grenadines', 'Venezuela', 'Guadeloupe', 'Turks and Caicos Islands']","['ATG', 'ARG', 'BRB', 'BMU', 'BHS', 'BLZ', 'BOL', 'BRA', 'CHL', 'CYM', 'COL', 'CRI', 'CUB', 'DMA', 'DOM', 'ECU', 'SLV', 'GUF', 'FLK', 'GRD', 'GTM', 'GUY', 'HTI', 'HND', 'JAM', 'MTQ', 'MSR', 'MEX', 'ABW', 'AIA', 'SUR', 'NIC', 'PRY', 'PER', 'PAN', 'KNA', 'LCA', 'TTO', 'URY', 'VCT', 'VEN', 'GLP', 'TCA']"
163,MESSAGEix-GLOBIOM 2.1-R12|Middle East and North Africa,MESSAGEix-GLOBIOM 2.1-R12,"['Algeria', 'Bahrain', 'Egypt', 'Iran', 'Israel', 'Iraq', 'Jordan', 'Kuwait', 'Lebanon', 'Libya', 'Morocco', 'Oman', 'Palestine', 'Qatar', 'Saudi Arabia', 'Sudan', 'South Sudan', 'Syria', 'Tunisia', 'Yemen', 'United Arab Emirates']","['DZA', 'BHR', 'EGY', 'IRN', 'ISR', 'IRQ', 'JOR', 'KWT', 'LBN', 'LBY', 'MAR', 'OMN', 'PSE', 'QAT', 'SAU', 'SDN', 'SSD', 'SYR', 'TUN', 'YEM', 'ARE']"
164,MESSAGEix-GLOBIOM 2.1-R12|North America,MESSAGEix-GLOBIOM 2.1-R12,"['Canada', 'Guam', 'United States Minor Outlying Islands', 'Puerto Rico', 'United States', 'United States Virgin Islands']","['CAN', 'GUM', 'UMI', 'PRI', 'USA', 'VIR']"
165,MESSAGEix-GLOBIOM 2.1-R12|Pacific OECD,MESSAGEix-GLOBIOM 2.1-R12,"['Australia', 'Japan', 'New Zealand', 'Christmas Island', 'Heard Island and McDonald Islands', 'Tokelau']","['AUS', 'JPN', 'NZL', 'CXR', 'HMD', 'TKL']"
166,MESSAGEix-GLOBIOM 2.1-R12|Other Pacific Asia,MESSAGEix-GLOBIOM 2.1-R12,"['American Samoa', 'Myanmar', 'Solomon Islands', 'Brunei Darussalam', 'Cook Islands', 'Fiji', 'Micronesia', 'French Polynesia', 'Kiribati', 'South Korea', 'Malaysia', 'New Caledonia', 'Niue', 'Northern Mariana Islands', 'Cocos (Keeling) Islands', 'Vanuatu', 'Nauru', 'Papua New Guinea', 'Philippines', 'Singapore', 'Thailand', 'Tonga', 'Tuvalu', 'Samoa', 'Indonesia', 'Timor-Leste', 'Palau', 'Marshall Islands', 'Taiwan']","['ASM', 'MMR', 'SLB', 'BRN', 'COK', 'FJI', 'FSM', 'PYF', 'KIR', 'KOR', 'MYS', 'NCL', 'NIU', 'MNP', 'CCK', 'VUT', 'NRU', 'PNG', 'PHL', 'SGP', 'THA', 'TON', 'TUV', 'WSM', 'IDN', 'TLS', 'PLW', 'MHL', 'TWN']"
167,MESSAGEix-GLOBIOM 2.1-R12|South Asia,MESSAGEix-GLOBIOM 2.1-R12,"['Bangladesh', 'Sri Lanka', 'Afghanistan', 'Bhutan', 'India', 'Maldives', 'Nepal', 'Pakistan']","['BGD', 'LKA', 'AFG', 'BTN', 'IND', 'MDV', 'NPL', 'PAK']"
168,MESSAGEix-GLOBIOM 2.1-R12|Western Europe,MESSAGEix-GLOBIOM 2.1-R12,"['Cyprus', 'Denmark', 'Ireland', 'Austria', 'Finland', 'France', 'Greenland', 'Germany', 'Greece', 'Iceland', 'Italy', 'Liechtenstein', 'Malta', 'Belgium', 'Faroe Islands', 'Andorra', 'Gibraltar', 'Isle of Man', 'Luxembourg', 'Monaco', 'Mayotte', 'Åland Islands', 'Norfolk Island', 'British Indian Ocean Territory', 'Netherlands', 'Norway', 'Portugal', 'Réunion', 'Spain', 'Sweden', 'Switzerland', 'Turkey', 'United Kingdom', 'British Virgin Islands', 'Wallis and Futuna', 'Pitcairn', 'Saint Pierre and Miquelon', 'San Marino', 'Vatican', 'Svalbard and Jan Mayen', 'Saint Martin (French part)', 'Saint Barthélemy', 'Guernsey', 'Jersey', 'South Georgia and the South Sandwich Islands']","['CYP', 'DNK', 'IRL', 'AUT', 'FIN', 'FRA', 'GRL', 'DEU', 'GRC', 'ISL', 'ITA', 'LIE', 'MLT', 'BEL', 'FRO', 'AND', 'GIB', 'IMN', 'LUX', 'MCO', 'MYT', 'ALA', 'NFK', 'IOT', 'NLD', 'NOR', 'PRT', 'REU', 'ESP', 'SWE', 'CHE', 'TUR', 'GBR', 'VGB', 'WLF', 'PCN', 'SPM', 'SMR', 'VAT', 'SJM', 'MAF', 'BLM', 'GGY', 'JEY', 'SGS']"
169,COFFEE 1.5|Africa (excluding South Africa),COFFEE 1.5,"['Algeria', 'Angola', 'Benin', 'Botswana', 'Burkina Faso', 'Burundi', 'Cabo Verde', 'Cameroon', 'Central African Republic', 'Chad', 'Comoros', 'Congo', ""Côte d'Ivoire"", 'Democratic Republic of the Congo', 'Djibouti', 'Egypt', 'Equatorial Guinea', 'Eritrea', 'Eswatini', 'Ethiopia', 'Gabon', 'Gambia', 'Ghana', 'Guinea', 'Guinea-Bissau', 'Kenya', 'Lesotho', 'Liberia', 'Libya', 'Madagascar', 'Malawi', 'Mali', 'Mauritania', 'Mauritius', 'Mayotte', 'Morocco', 'Mozambique', 'Namibia', 'Niger', 'Nigeria', 'Rwanda', 'Réunion', 'Sao Tome and Principe', 'Senegal', 'Seychelles', 'Sierra Leone', 'Somalia', 'South Sudan', 'Sudan', 'Tanzania', 'Togo', 'Tunisia', 'Uganda', 'Western Sahara', 'Zambia']","['DZA', 'AGO', 'BEN', 'BWA', 'BFA', 'BDI', 'CPV', 'CMR', 'CAF', 'TCD', 'COM', 'COG', 'CIV', 'COD', 'DJI', 'EGY', 'GNQ', 'ERI', 'SWZ', 'ETH', 'GAB', 'GMB', 'GHA', 'GIN', 'GNB', 'KEN', 'LSO', 'LBR', 'LBY', 'MDG', 'MWI', 'MLI', 'MRT', 'MUS', 'MYT', 'MAR', 'MOZ', 'NAM', 'NER', 'NGA', 'RWA', 'REU', 'STP', 'SEN', 'SYC', 'SLE', 'SOM', 'SSD', 'SDN', 'TZA', 'TGO', 'TUN', 'UGA', 'ESH', 'ZMB']"
170,COFFEE 1.5|Australia & New Zealand,COFFEE 1.5,"['Australia', 'New Zealand']","['AUS', 'NZL']"
171,COFFEE 1.5|Brazil,COFFEE 1.5,['Brazil'],['BRA']
172,COFFEE 1.5|Central America,COFFEE 1.5,"['Anguilla', 'Antigua and Barbuda', 'Aruba', 'Bahamas', 'Barbados', 'Belize', 'Bermuda', 'Bonaire, Sint Eustatius and Saba', 'Cayman Islands', 'Costa Rica', 'Cuba', 'Curaçao', 'Dominica', 'Dominican Republic', 'El Salvador', 'French Guiana', 'Grenada', 'Guadeloupe', 'Guatemala', 'Guyana', 'Haiti', 'Honduras', 'Jamaica', 'Martinique', 'Mexico', 'Montserrat', 'Nicaragua', 'Panama', 'Saint Barthélemy', 'Saint Kitts and Nevis', 'Saint Lucia', 'Saint Martin (French part)', 'Saint Vincent and the Grenadines', 'Sint Maarten (Dutch part)', 'Suriname', 'Trinidad and Tobago', 'Turks and Caicos Islands']","['AIA', 'ATG', 'ABW', 'BHS', 'BRB', 'BLZ', 'BMU', 'BES', 'CYM', 'CRI', 'CUB', 'CUW', 'DMA', 'DOM', 'SLV', 'GUF', 'GRD', 'GLP', 'GTM', 'GUY', 'HTI', 'HND', 'JAM', 'MTQ', 'MEX', 'MSR', 'NIC', 'PAN', 'BLM', 'KNA', 'LCA', 'MAF', 'VCT', 'SXM', 'SUR', 'TTO', 'TCA']"
173,COFFEE 1.5|Canada,COFFEE 1.5,"['Canada', 'Saint Helena, Ascension and Tristan da Cunha', 'Saint Pierre and Miquelon']","['CAN', 'SHN', 'SPM']"
174,COFFEE 1.5|Caspian Sea,COFFEE 1.5,"['Afghanistan', 'Armenia', 'Azerbaijan', 'Georgia', 'Kazakhstan', 'Kyrgyzstan', 'Pakistan', 'Tajikistan', 'Turkmenistan', 'Uzbekistan']","['AFG', 'ARM', 'AZE', 'GEO', 'KAZ', 'KGZ', 'PAK', 'TJK', 'TKM', 'UZB']"
175,COFFEE 1.5|China,COFFEE 1.5,"['China', 'Hong Kong', 'Macao']","['CHN', 'HKG', 'MAC']"
176,COFFEE 1.5|Europe,COFFEE 1.5,"['Andorra', 'Austria', 'Belgium', 'Bouvet Island', 'Bulgaria', 'Cyprus', 'Czechia', 'Denmark', 'Estonia', 'Faroe Islands', 'Finland', 'France', 'Germany', 'Gibraltar', 'Greece', 'Greenland', 'Guernsey', 'Hungary', 'Iceland', 'Ireland', 'Isle of Man', 'Italy', 'Jersey', 'Latvia', 'Liechtenstein', 'Lithuania', 'Luxembourg', 'Malta', 'Monaco', 'Netherlands', 'Norway', 'Poland', 'Portugal', 'Romania', 'San Marino', 'Slovakia', 'Slovenia', 'Spain', 'Svalbard and Jan Mayen', 'Sweden', 'Switzerland', 'Turkey', 'United Kingdom', 'Vatican', 'Åland Islands']","['AND', 'AUT', 'BEL', 'BVT', 'BGR', 'CYP', 'CZE', 'DNK', 'EST', 'FRO', 'FIN', 'FRA', 'DEU', 'GIB', 'GRC', 'GRL', 'GGY', 'HUN', 'ISL', 'IRL', 'IMN', 'ITA', 'JEY', 'LVA', 'LIE', 'LTU', 'LUX', 'MLT', 'MCO', 'NLD', 'NOR', 'POL', 'PRT', 'ROU', 'SMR', 'SVK', 'SVN', 'ESP', 'SJM', 'SWE', 'CHE', 'TUR', 'GBR', 'VAT', 'ALA']"
177,COFFEE 1.5|India,COFFEE 1.5,['India'],['IND']
178,COFFEE 1.5|Japan,COFFEE 1.5,['Japan'],['JPN']
179,COFFEE 1.5|South Korea,COFFEE 1.5,['South Korea'],['KOR']
180,COFFEE 1.5|Middle East,COFFEE 1.5,"['Bahrain', 'Iran', 'Iraq', 'Israel', 'Jordan', 'Kuwait', 'Lebanon', 'Oman', 'Palestine', 'Qatar', 'Saudi Arabia', 'Syria', 'United Arab Emirates', 'Yemen']","['BHR', 'IRN', 'IRQ', 'ISR', 'JOR', 'KWT', 'LBN', 'OMN', 'PSE', 'QAT', 'SAU', 'SYR', 'ARE', 'YEM']"
181,COFFEE 1.5|Rest of Asia and Oceania,COFFEE 1.5,"['Antarctica', 'Bangladesh', 'Bhutan', 'British Indian Ocean Territory', 'Brunei Darussalam', 'Cambodia', 'Christmas Island', 'Cocos (Keeling) Islands', 'Cook Islands', 'Fiji', 'French Polynesia', 'French Southern Territories', 'Guam', 'Heard Island and McDonald Islands', 'Indonesia', 'Kiribati', 'Laos', 'Malaysia', 'Maldives', 'Marshall Islands', 'Micronesia', 'Mongolia', 'Myanmar', 'Nauru', 'Nepal', 'New Caledonia', 'Niue', 'Norfolk Island', 'North Korea', 'Northern Mariana Islands', 'Palau', 'Papua New Guinea', 'Philippines', 'Pitcairn', 'Samoa', 'Singapore', 'Solomon Islands', 'Sri Lanka', 'Taiwan', 'Thailand', 'Timor-Leste', 'Tokelau', 'Tonga', 'Tuvalu', 'Vanuatu', 'Viet Nam', 'Wallis and Futuna']","['ATA', 'BGD', 'BTN', 'IOT', 'BRN', 'KHM', 'CXR', 'CCK', 'COK', 'FJI', 'PYF', 'ATF', 'GUM', 'HMD', 'IDN', 'KIR', 'LAO', 'MYS', 'MDV', 'MHL', 'FSM', 'MNG', 'MMR', 'NRU', 'NPL', 'NCL', 'NIU', 'NFK', 'PRK', 'MNP', 'PLW', 'PNG', 'PHL', 'PCN', 'WSM', 'SGP', 'SLB', 'LKA', 'TWN', 'THA', 'TLS', 'TKL', 'TON', 'TUV', 'VUT', 'VNM', 'WLF']"
182,COFFEE 1.5|Russia,COFFEE 1.5,['Russian Federation'],['RUS']
183,COFFEE 1.5|South Africa,COFFEE 1.5,['South Africa'],['ZAF']
184,COFFEE 1.5|South America,COFFEE 1.5,"['Argentina', 'Bolivia', 'Chile', 'Colombia', 'Ecuador', 'Falkland Islands (Malvinas)', 'Paraguay', 'Peru', 'South Georgia and the South Sandwich Islands', 'Uruguay', 'Venezuela']","['ARG', 'BOL', 'CHL', 'COL', 'ECU', 'FLK', 'PRY', 'PER', 'SGS', 'URY', 'VEN']"
185,COFFEE 1.5|United States,COFFEE 1.5,"['American Samoa', 'British Virgin Islands', 'Puerto Rico', 'United States', 'United States Minor Outlying Islands', 'United States Virgin Islands']","['ASM', 'VGB', 'PRI', 'USA', 'UMI', 'VIR']"
186,COFFEE 1.5|Rest of Europe,COFFEE 1.5,"['Albania', 'Belarus', 'Bosnia and Herzegovina', 'Croatia', 'Moldova', 'Montenegro', 'North Macedonia', 'Serbia', 'Ukraine']","['ALB', 'BLR', 'BIH', 'HRV', 'MDA', 'MNE', 'MKD', 'SRB', 'UKR']"
187,WITCH 6.0|Brazil,WITCH 6.0,['Brazil'],['BRA']
188,WITCH 6.0|Canada,WITCH 6.0,"['Canada', 'Saint Pierre and Miquelon']","['CAN', 'SPM']"
189,WITCH 6.0|China,WITCH 6.0,"['China', 'Hong Kong', 'Macao', 'Taiwan']","['CHN', 'HKG', 'MAC', 'TWN']"
190,WITCH 6.0|Europe (EU+EFTA+Balkan Countries and Turkey),WITCH 6.0,"['Bulgaria', 'Cyprus', 'Czechia', 'Estonia', 'Hungary', 'Lithuania', 'Latvia', 'Poland', 'Romania', 'Slovakia', 'Slovenia', 'Malta', 'Croatia', 'Austria', 'Belgium', 'Germany', 'Denmark', 'Spain', 'Finland', 'France', 'United Kingdom', 'Greece', 'Ireland', 'Italy', 'Luxembourg', 'Netherlands', 'Portugal', 'Sweden', 'Liechtenstein', 'Norway', 'Switzerland', 'Greenland', 'Iceland', 'Faroe Islands', 'Åland Islands', 'Andorra', 'Guernsey', 'Gibraltar', 'Isle of Man', 'Jersey', 'Monaco', 'Svalbard and Jan Mayen', 'San Marino', 'Vatican', 'Bosnia and Herzegovina', 'Albania', 'North Macedonia', 'Montenegro', 'Serbia']","['BGR', 'CYP', 'CZE', 'EST', 'HUN', 'LTU', 'LVA', 'POL', 'ROU', 'SVK', 'SVN', 'MLT', 'HRV', 'AUT', 'BEL', 'DEU', 'DNK', 'ESP', 'FIN', 'FRA', 'GBR', 'GRC', 'IRL', 'ITA', 'LUX', 'NLD', 'PRT', 'SWE', 'LIE', 'NOR', 'CHE', 'GRL', 'ISL', 'FRO', 'ALA', 'AND', 'GGY', 'GIB', 'IMN', 'JEY', 'MCO', 'SJM', 'SMR', 'VAT', 'BIH', 'ALB', 'MKD', 'MNE', 'SRB']"
191,WITCH 6.0|India,WITCH 6.0,['India'],['IND']
192,WITCH 6.0|Indonesia,WITCH 6.0,['Indonesia'],['IDN']
193,WITCH 6.0|Japan and Korea,WITCH 6.0,"['Japan', 'South Korea', 'North Korea']","['JPN', 'KOR', 'PRK']"
194,WITCH 6.0|Latin America and the Caribbean,WITCH 6.0,"['Antarctica', 'Bermuda', 'South Georgia and the South Sandwich Islands', 'Turks and Caicos Islands', 'British Virgin Islands', 'United States Virgin Islands', 'Aruba', 'Anguilla', 'Argentina', 'Antigua and Barbuda', 'Bonaire, Sint Eustatius and Saba', 'Bahamas', 'Saint Barthélemy', 'Belize', 'Bolivia', 'Barbados', 'Chile', 'Colombia', 'Costa Rica', 'Cuba', 'Curaçao', 'Cayman Islands', 'Dominica', 'Dominican Republic', 'Ecuador', 'Falkland Islands (Malvinas)', 'Guadeloupe', 'Grenada', 'Guatemala', 'French Guiana', 'Guyana', 'Honduras', 'Haiti', 'Jamaica', 'Saint Kitts and Nevis', 'Saint Lucia', 'Saint Martin (French part)', 'Montserrat', 'Martinique', 'Nicaragua', 'Panama', 'Peru', 'Puerto Rico', 'Paraguay', 'El Salvador', 'Suriname', 'Sint Maarten (Dutch part)', 'Trinidad and Tobago', 'Uruguay', 'Saint Vincent and the Grenadines', 'Venezuela']","['ATA', 'BMU', 'SGS', 'TCA', 'VGB', 'VIR', 'ABW', 'AIA', 'ARG', 'ATG', 'BES', 'BHS', 'BLM', 'BLZ', 'BOL', 'BRB', 'CHL', 'COL', 'CRI', 'CUB', 'CUW', 'CYM', 'DMA', 'DOM', 'ECU', 'FLK', 'GLP', 'GRD', 'GTM', 'GUF', 'GUY', 'HND', 'HTI', 'JAM', 'KNA', 'LCA', 'MAF', 'MSR', 'MTQ', 'NIC', 'PAN', 'PER', 'PRI', 'PRY', 'SLV', 'SUR', 'SXM', 'TTO', 'URY', 'VCT', 'VEN']"
195,WITCH 6.0|Middle East and North Africa,WITCH 6.0,"['United Arab Emirates', 'Bahrain', 'Algeria', 'Egypt', 'Western Sahara', 'Iran', 'Iraq', 'Israel', 'Jordan', 'Kuwait', 'Lebanon', 'Libya', 'Morocco', 'Oman', 'Palestine', 'Qatar', 'Saudi Arabia', 'Syria', 'Tunisia', 'Yemen']","['ARE', 'BHR', 'DZA', 'EGY', 'ESH', 'IRN', 'IRQ', 'ISR', 'JOR', 'KWT', 'LBN', 'LBY', 'MAR', 'OMN', 'PSE', 'QAT', 'SAU', 'SYR', 'TUN', 'YEM']"
196,WITCH 6.0|Mexico,WITCH 6.0,['Mexico'],['MEX']
197,"WITCH 6.0|Australia, New Zealand, and Oceania islands",WITCH 6.0,"['New Zealand', 'Australia', 'Christmas Island', 'Cook Islands', 'Heard Island and McDonald Islands', 'Norfolk Island', 'Niue', 'Nauru', 'Pitcairn', 'Tokelau', 'Tuvalu', 'United States Minor Outlying Islands', 'Wallis and Futuna', 'Fiji', 'Papua New Guinea', 'Micronesia', 'Guam', 'American Samoa', 'Timor-Leste', 'French Polynesia', 'Kiribati', 'Northern Mariana Islands', 'Marshall Islands', 'New Caledonia', 'Palau', 'Samoa', 'Solomon Islands', 'Tonga', 'Vanuatu']","['NZL', 'AUS', 'CXR', 'COK', 'HMD', 'NFK', 'NIU', 'NRU', 'PCN', 'TKL', 'TUV', 'UMI', 'WLF', 'FJI', 'PNG', 'FSM', 'GUM', 'ASM', 'TLS', 'PYF', 'KIR', 'MNP', 'MHL', 'NCL', 'PLW', 'WSM', 'SLB', 'TON', 'VUT']"
198,WITCH 6.0|South Asia,WITCH 6.0,"['Afghanistan', 'Bangladesh', 'Bhutan', 'Sri Lanka', 'Maldives', 'Nepal', 'Pakistan']","['AFG', 'BGD', 'BTN', 'LKA', 'MDV', 'NPL', 'PAK']"
199,WITCH 6.0|South East Asia,WITCH 6.0,"['Brunei Darussalam', 'Cocos (Keeling) Islands', 'Cambodia', 'Laos', 'Myanmar', 'Malaysia', 'Philippines', 'Singapore', 'Thailand', 'Viet Nam']","['BRN', 'CCK', 'KHM', 'LAO', 'MMR', 'MYS', 'PHL', 'SGP', 'THA', 'VNM']"
200,WITCH 6.0|South Africa,WITCH 6.0,['South Africa'],['ZAF']
201,WITCH 6.0|Sub Saharan Africa,WITCH 6.0,"['Djibouti', 'British Indian Ocean Territory', 'Bouvet Island', 'French Southern Territories', 'Angola', 'Benin', 'Botswana', 'Burkina Faso', 'Burundi', 'Cameroon', 'Cabo Verde', 'Central African Republic', 'Chad', 'Comoros', 'Congo', 'Democratic Republic of the Congo', ""Côte d'Ivoire"", 'Equatorial Guinea', 'Eritrea', 'Ethiopia', 'Gabon', 'Gambia', 'Ghana', 'Guinea', 'Guinea-Bissau', 'Kenya', 'Lesotho', 'Liberia', 'Madagascar', 'Malawi', 'Mali', 'Mauritania', 'Mauritius', 'Mayotte', 'Mozambique', 'Namibia', 'Niger', 'Nigeria', 'Réunion', 'Rwanda', 'Sao Tome and Principe', 'Senegal', 'Seychelles', 'Saint Helena, Ascension and Tristan da Cunha', 'Sierra Leone', 'Somalia', 'South Sudan', 'Sudan', 'Eswatini', 'Tanzania', 'Togo', 'Uganda', 'Zambia', 'Zimbabwe']","['DJI', 'IOT', 'BVT', 'ATF', 'AGO', 'BEN', 'BWA', 'BFA', 'BDI', 'CMR', 'CPV', 'CAF', 'TCD', 'COM', 'COG', 'COD', 'CIV', 'GNQ', 'ERI', 'ETH', 'GAB', 'GMB', 'GHA', 'GIN', 'GNB', 'KEN', 'LSO', 'LBR', 'MDG', 'MWI', 'MLI', 'MRT', 'MUS', 'MYT', 'MOZ', 'NAM', 'NER', 'NGA', 'REU', 'RWA', 'STP', 'SEN', 'SYC', 'SHN', 'SLE', 'SOM', 'SSD', 'SDN', 'SWZ', 'TZA', 'TGO', 'UGA', 'ZMB', 'ZWE']"
202,WITCH 6.0|Non-EU Eastern European and Transition Countries,WITCH 6.0,"['Mongolia', 'Armenia', 'Azerbaijan', 'Belarus', 'Georgia', 'Kazakhstan', 'Kyrgyzstan', 'Moldova', 'Russian Federation', 'Tajikistan', 'Turkey', 'Turkmenistan', 'Ukraine', 'Uzbekistan']","['MNG', 'ARM', 'AZE', 'BLR', 'GEO', 'KAZ', 'KGZ', 'MDA', 'RUS', 'TJK', 'TUR', 'TKM', 'UKR', 'UZB']"
203,WITCH 6.0|United States of America,WITCH 6.0,['United States'],['USA']
204,AIM/Hub-Global 2.4|Brazil,AIM/Hub-Global 2.4,,
205,AIM/Hub-Global 2.4|Canada,AIM/Hub-Global 2.4,,
206,AIM/Hub-Global 2.4|China,AIM/Hub-Global 2.4,,
207,AIM/Hub-Global 2.4|Former USSR,AIM/Hub-Global 2.4,,
208,AIM/Hub-Global 2.4|India,AIM/Hub-Global 2.4,,
209,AIM/Hub-Global 2.4|Japan,AIM/Hub-Global 2.4,,
210,AIM/Hub-Global 2.4|Turkey,AIM/Hub-Global 2.4,,
211,AIM/Hub-Global 2.4|USA,AIM/Hub-Global 2.4,,
212,AIM/Hub-Global 2.4|Other Africa,AIM/Hub-Global 2.4,,
213,AIM/Hub-Global 2.4|EU,AIM/Hub-Global 2.4,,
214,AIM/Hub-Global 2.4|Rest of Europe,AIM/Hub-Global 2.4,,
215,AIM/Hub-Global 2.4|Rest of Latin America,AIM/Hub-Global 2.4,,
216,AIM/Hub-Global 2.4|Middle East,AIM/Hub-Global 2.4,,
217,AIM/Hub-Global 2.4|North Africa,AIM/Hub-Global 2.4,,
218,AIM/Hub-Global 2.4|New Zealand and Australia,AIM/Hub-Global 2.4,,
219,AIM/Hub-Global 2.4|Rest of Asia,AIM/Hub-Global 2.4,,
220,AIM/Hub-Global 2.4|Rest of East and South East Asia,AIM/Hub-Global 2.4,,
221,AIM 3.0|Brazil,AIM 3.0,['Brazil'],['BRA']
222,AIM 3.0|Canada,AIM 3.0,['Canada'],['CAN']
223,AIM 3.0|China,AIM 3.0,"['China', 'Hong Kong']","['CHN', 'HKG']"
224,AIM 3.0|Former USSR,AIM 3.0,"['Armenia', 'Azerbaijan', 'Belarus', 'Georgia', 'Kazakhstan', 'Kyrgyzstan', 'Moldova', 'Russian Federation', 'Tajikistan', 'Turkmenistan', 'Ukraine', 'Uzbekistan']","['ARM', 'AZE', 'BLR', 'GEO', 'KAZ', 'KGZ', 'MDA', 'RUS', 'TJK', 'TKM', 'UKR', 'UZB']"
225,AIM 3.0|India,AIM 3.0,['India'],['IND']
226,AIM 3.0|Japan,AIM 3.0,['Japan'],['JPN']
227,AIM 3.0|Turkey,AIM 3.0,['Turkey'],['TUR']
228,AIM 3.0|USA,AIM 3.0,['United States'],['USA']
229,AIM 3.0|Other Africa,AIM 3.0,"['Angola', 'Benin', 'Botswana', 'Burkina Faso', 'Burundi', 'Cabo Verde', 'Cameroon', 'Central African Republic', 'Chad', 'Comoros', 'Congo', ""Côte d'Ivoire"", 'Democratic Republic of the Congo', 'Djibouti', 'Equatorial Guinea', 'Eritrea', 'Eswatini', 'Ethiopia', 'Gabon', 'Gambia', 'Ghana', 'Guinea', 'Guinea-Bissau', 'Kenya', 'Lesotho', 'Liberia', 'Madagascar', 'Malawi', 'Mali', 'Mauritania', 'Mauritius', 'Mayotte', 'Mozambique', 'Namibia', 'Niger', 'Nigeria', 'Rwanda', 'Réunion', 'Sao Tome and Principe', 'Senegal', 'Seychelles', 'Sierra Leone', 'Somalia', 'South Africa', 'Sudan', 'Tanzania', 'Togo', 'Uganda', 'Western Sahara', 'Zambia', 'Zimbabwe']","['AGO', 'BEN', 'BWA', 'BFA', 'BDI', 'CPV', 'CMR', 'CAF', 'TCD', 'COM', 'COG', 'CIV', 'COD', 'DJI', 'GNQ', 'ERI', 'SWZ', 'ETH', 'GAB', 'GMB', 'GHA', 'GIN', 'GNB', 'KEN', 'LSO', 'LBR', 'MDG', 'MWI', 'MLI', 'MRT', 'MUS', 'MYT', 'MOZ', 'NAM', 'NER', 'NGA', 'RWA', 'REU', 'STP', 'SEN', 'SYC', 'SLE', 'SOM', 'ZAF', 'SDN', 'TZA', 'TGO', 'UGA', 'ESH', 'ZMB', 'ZWE']"
230,AIM 3.0|EU & UK,AIM 3.0,"['Austria', 'Belgium', 'Cyprus', 'Czechia', 'Denmark', 'Estonia', 'Finland', 'France', 'Germany', 'Greece', 'Hungary', 'Ireland', 'Italy', 'Latvia', 'Lithuania', 'Luxembourg', 'Malta', 'Netherlands', 'Poland', 'Portugal', 'Slovakia', 'Slovenia', 'Spain', 'Sweden', 'United Kingdom']","['AUT', 'BEL', 'CYP', 'CZE', 'DNK', 'EST', 'FIN', 'FRA', 'DEU', 'GRC', 'HUN', 'IRL', 'ITA', 'LVA', 'LTU', 'LUX', 'MLT', 'NLD', 'POL', 'PRT', 'SVK', 'SVN', 'ESP', 'SWE', 'GBR']"
231,AIM 3.0|Rest of Europe,AIM 3.0,"['Albania', 'Andorra', 'Bosnia and Herzegovina', 'Bulgaria', 'Croatia', 'Faroe Islands', 'Gibraltar', 'Iceland', 'Liechtenstein', 'Monaco', 'Montenegro', 'North Macedonia', 'Norway', 'Romania', 'San Marino', 'Serbia', 'Svalbard and Jan Mayen', 'Switzerland', 'Vatican']","['ALB', 'AND', 'BIH', 'BGR', 'HRV', 'FRO', 'GIB', 'ISL', 'LIE', 'MCO', 'MNE', 'MKD', 'NOR', 'ROU', 'SMR', 'SRB', 'SJM', 'CHE', 'VAT']"
232,AIM 3.0|Rest of Latin America,AIM 3.0,"['Anguilla', 'Antigua and Barbuda', 'Argentina', 'Aruba', 'Bahamas', 'Barbados', 'Belize', 'Bermuda', 'Bolivia', 'Bouvet Island', 'British Virgin Islands', 'Cayman Islands', 'Chile', 'Colombia', 'Costa Rica', 'Cuba', 'Dominica', 'Dominican Republic', 'Ecuador', 'El Salvador', 'Falkland Islands (Malvinas)', 'French Guiana', 'Greenland', 'Grenada', 'Guadeloupe', 'Guatemala', 'Guyana', 'Haiti', 'Honduras', 'Jamaica', 'Martinique', 'Mexico', 'Montserrat', 'Nicaragua', 'Panama', 'Paraguay', 'Peru', 'Puerto Rico', 'Saint Kitts and Nevis', 'Saint Lucia', 'Saint Pierre and Miquelon', 'Saint Vincent and the Grenadines', 'South Georgia and the South Sandwich Islands', 'Suriname', 'Trinidad and Tobago', 'Turks and Caicos Islands', 'United States Virgin Islands', 'Uruguay', 'Venezuela']","['AIA', 'ATG', 'ARG', 'ABW', 'BHS', 'BRB', 'BLZ', 'BMU', 'BOL', 'BVT', 'VGB', 'CYM', 'CHL', 'COL', 'CRI', 'CUB', 'DMA', 'DOM', 'ECU', 'SLV', 'FLK', 'GUF', 'GRL', 'GRD', 'GLP', 'GTM', 'GUY', 'HTI', 'HND', 'JAM', 'MTQ', 'MEX', 'MSR', 'NIC', 'PAN', 'PRY', 'PER', 'PRI', 'KNA', 'LCA', 'SPM', 'VCT', 'SGS', 'SUR', 'TTO', 'TCA', 'VIR', 'URY', 'VEN']"
233,AIM 3.0|Middle East,AIM 3.0,"['Bahrain', 'Iran', 'Iraq', 'Israel', 'Jordan', 'Kuwait', 'Lebanon', 'Oman', 'Qatar', 'Saudi Arabia', 'Syria', 'United Arab Emirates', 'Yemen']","['BHR', 'IRN', 'IRQ', 'ISR', 'JOR', 'KWT', 'LBN', 'OMN', 'QAT', 'SAU', 'SYR', 'ARE', 'YEM']"
234,AIM 3.0|North Africa,AIM 3.0,"['Algeria', 'Egypt', 'Libya', 'Morocco', 'Tunisia']","['DZA', 'EGY', 'LBY', 'MAR', 'TUN']"
235,AIM 3.0|New Zealand and Australia,AIM 3.0,"['Australia', 'New Zealand']","['AUS', 'NZL']"
236,AIM 3.0|Rest of Asia,AIM 3.0,"['Afghanistan', 'American Samoa', 'Bangladesh', 'Bhutan', 'British Indian Ocean Territory', 'Brunei Darussalam', 'Christmas Island', 'Cocos (Keeling) Islands', 'Cook Islands', 'Fiji', 'French Polynesia', 'French Southern Territories', 'Guam', 'Heard Island and McDonald Islands', 'Kiribati', 'Maldives', 'Marshall Islands', 'Micronesia', 'Nauru', 'Nepal', 'New Caledonia', 'Niue', 'Norfolk Island', 'Northern Mariana Islands', 'Pakistan', 'Palau', 'Papua New Guinea', 'Pitcairn', 'Samoa', 'Solomon Islands', 'Sri Lanka', 'Tokelau', 'Tonga', 'Tuvalu', 'United States Minor Outlying Islands', 'Vanuatu', 'Wallis and Futuna']","['AFG', 'ASM', 'BGD', 'BTN', 'IOT', 'BRN', 'CXR', 'CCK', 'COK', 'FJI', 'PYF', 'ATF', 'GUM', 'HMD', 'KIR', 'MDV', 'MHL', 'FSM', 'NRU', 'NPL', 'NCL', 'NIU', 'NFK', 'MNP', 'PAK', 'PLW', 'PNG', 'PCN', 'WSM', 'SLB', 'LKA', 'TKL', 'TON', 'TUV', 'UMI', 'VUT', 'WLF']"
237,AIM 3.0|Rest of East and South East Asia,AIM 3.0,"['Cambodia', 'Indonesia', 'Laos', 'Malaysia', 'Mongolia', 'Myanmar', 'North Korea', 'Philippines', 'Singapore', 'South Korea', 'Taiwan', 'Thailand', 'Timor-Leste', 'Viet Nam']","['KHM', 'IDN', 'LAO', 'MYS', 'MNG', 'MMR', 'PRK', 'PHL', 'SGP', 'KOR', 'TWN', 'THA', 'TLS', 'VNM']"
